0;3.7 FlaK;0;0;0;0;0;0;0;0;0;0;0;0;0;0;0;0;0;0;0;0;0;0;0;0;0;0;0;0;;0;0;0 
1;37mm FlaK;9;4;7;8;1;2;6;0;0;4;2;2;8;0;4;0;0;24;11;0;1;40;46;1;6;49;0;0;g122a;11;1;2 
2;3.7cm PaK;4;4;7;0;1;8;8;0;0;6;0;2;9;0;4;0;0;10;11;0;4;37;46;1;6;1;0;0;g120;15;1;2 
3;5cm PaK;4;7;11;0;1;8;8;0;0;9;0;2;9;0;4;0;0;9;14;0;4;41;46;1;6;1;0;0;g120;15;1;2 
4;7.5cm  PaK;4;11;15;0;1;8;8;0;0;10;2;2;9;0;4;0;0;8;18;0;3;42;46;1;6;1;0;0;g109;15;1;2 
5;StuG IIIG;4;11;15;1;1;11;9;2;1;10;2;2;5;0;0;5;40;8;23;0;9;42;46;1;6;1;0;0;g84a;15;7;3 
6;105mm;8;15;6;0;1;2;6;0;0;2;4;1;2;0;4;0;0;8;21;0;9;39;46;1;6;1;0;0;g54;15;1;2 
7;150mm;8;19;11;0;1;2;6;0;0;2;4;1;2;0;4;0;0;7;27;0;4;40;46;1;6;1;0;0;g134;15;1;2 
8;75mm;8;11;4;0;1;2;6;0;0;2;3;1;2;0;4;0;0;9;15;0;9;38;46;1;6;1;0;0;g54;16;1;2 
9;StuG IIIB;4;11;8;0;1;10;8;0;1;5;1;2;5;0;0;5;41;6;21;0;5;40;46;1;6;1;0;0;g17;15;7;3 
10;Strongpoint;6;4;2;2;2;10;8;3;1;5;0;2;8;0;4;0;0;10;15;0;1;38;46;0;6;129;1;0;bunkr;7;1;6 
11;Fortification;6;8;4;2;4;10;8;3;1;5;0;2;8;0;4;0;0;10;17;0;1;38;46;0;6;129;1;0;fort;4;1;6 
12;Regular;1;6;2;0;1;8;8;0;0;1;0;2;8;0;3;3;0;7;12;0;1;39;46;2;6;1;0;0;i01x3;2;1;1 
13;Sissi;1;6;4;0;1;8;8;0;0;1;0;3;8;0;3;3;0;7;15;0;1;39;46;2;6;1;0;0;i01x3;2;1;1 
14;Ski;1;6;2;0;1;8;8;0;0;1;0;2;8;0;3;5;0;7;14;0;10;39;42;2;6;1;1;0;i01x3;2;1;1 
15;PSW 231;3;3;9;2;1;7;6;1;1;7;0;4;6;0;8;8;81;9;16;0;1;41;46;1;6;1;0;0;g53a;12;3;3 
16;Pz IIIJ;2;7;11;0;1;10;9;2;1;9;0;2;4;0;0;5;41;11;24;0;4;42;46;1;6;1;0;0;g83;11;7;3 
17;Pz IVD;2;10;8;0;1;8;8;2;1;5;0;2;4;0;0;5;46;11;24;0;1;40;46;1;6;1;0;0;g05;11;7;3 
18;Pz IVG;2;12;14;0;1;10;8;2;1;10;2;2;4;0;0;5;46;11;28;0;10;42;46;1;6;1;0;0;g22;11;7;3 
19;Truck;7;0;0;0;0;1;0;0;0;1;0;1;1;0;2;8;55;4;4;0;9;36;46;1;6;49;0;0;g25;12;3;3 
20;Wagon;7;0;0;0;0;1;0;0;0;0;0;1;1;0;2;4;0;0;2;0;9;36;46;1;6;49;0;0;wagon;2;9;1 
21;Me-109f;10;1;0;12;1;8;12;0;2;6;0;2;1;1;5;16;0;7;40;0;1;41;46;0;6;1;0;0;gp03;18;11;4 
22;F-2A;10;1;1;6;0;5;5;0;2;4;0;2;1;1;5;16;0;7;23;0;1;39;46;0;6;1;0;0;fp04;18;11;4 
23;Fokker DXXI;10;1;1;8;0;7;6;0;2;5;0;2;1;1;5;16;0;4;28;0;1;39;46;0;6;1;0;0;gp19;18;11;4 
24;Ju-87B;11;10;9;3;5;8;4;0;2;2;0;2;1;1;5;16;0;5;35;0;1;41;46;0;6;65;0;0;gp08;21;13;4 
25;Ju-52;13;0;0;0;0;5;4;0;2;0;0;2;1;0;5;16;0;4;12;0;1;41;46;0;6;193;1;0;gp46;18;15;4 
26;M16 MGMC;9;7;1;12;0;6;9;0;1;4;1;2;4;0;1;7;57;6;21;0;6;44;46;1;7;49;0;0;us55;9;5;3 
27;25mm;4;2;5;0;1;8;8;0;0;6;0;2;9;0;4;0;0;5;10;0;5;35;42;1;7;1;0;0;uk48;15;1;2 
28;76mm;4;11;14;0;1;8;8;0;0;8;2;2;8;0;4;0;0;7;17;0;6;44;46;1;7;1;0;0;us25;15;1;2 
29;M10;4;11;15;1;1;10;6;0;1;10;2;2;4;0;0;6;57;7;25;0;6;44;46;1;7;1;0;0;us21;15;7;3 
30;105mm;8;15;6;0;1;2;6;0;0;1;4;1;2;0;4;0;0;8;20;0;9;39;42;1;7;1;0;0;uk49;15;1;2 
31;155mm;8;19;11;0;1;2;6;0;0;1;4;1;2;0;4;0;0;5;26;0;9;39;42;1;7;1;0;0;uk06;15;1;2 
32;75mm;8;11;4;0;1;2;6;0;0;1;3;1;2;0;4;0;0;9;14;0;9;39;42;1;7;1;0;0;uk49;16;1;2 
33;M7;8;15;6;2;0;7;6;0;1;4;3;1;3;0;0;5;52;7;26;0;9;43;46;1;7;1;0;0;us05;15;7;3 
34;Strongpoint;6;4;2;2;2;10;8;3;1;5;0;2;8;0;4;0;0;10;15;0;1;38;46;0;7;129;1;0;bunkr;7;1;6 
35;Fortification;6;8;4;2;4;10;8;3;1;5;0;2;8;0;4;0;0;10;17;0;1;38;46;0;7;129;1;0;fort;4;1;6 
36;Cavalry;1;4;1;0;1;5;7;0;0;1;0;3;6;0;3;4;0;5;11;0;1;38;42;1;7;1;0;0;i02x3;2;2;1 
37;Chasseurs;1;4;1;0;1;6;7;0;0;1;0;2;8;0;11;3;0;5;11;0;9;39;46;2;7;1;0;0;i02x3;2;1;1 
38;Engineer;1;4;1;0;1;5;7;0;0;1;0;2;8;0;3;3;0;5;12;0;1;38;46;2;7;5;0;0;i02x3;2;1;1 
39;Regular;1;4;1;0;1;5;7;0;0;1;0;2;8;0;3;3;0;5;9;0;1;38;42;2;7;1;0;0;i02x3;2;1;1 
40;Regular;1;4;1;0;1;5;7;0;0;1;0;2;8;0;3;3;0;5;9;0;11;41;46;2;7;1;0;0;i50x3;2;1;1 
41;M8;3;3;9;2;1;7;6;1;1;7;0;4;6;0;2;8;81;9;17;0;8;43;46;1;7;1;0;0;us19;13;3;3 
42;Panhard 178;3;3;4;2;1;5;5;1;1;5;0;4;4;0;2;6;50;5;11;0;1;38;42;1;7;1;0;0;fr04;12;3;3 
43;Dunkerque Class;16;11;7;9;18;12;8;0;3;9;6;2;1;0;6;4;0;4;38;0;4;37;42;0;7;193;1;0;frn02;28;16;5 
44;Richelieu Class;16;9;6;8;16;10;9;0;3;8;6;2;1;0;6;5;0;4;36;0;6;40;42;0;7;193;1;0;frn02;28;16;5 
45;Suffren Class;20;7;4;6;12;8;7;0;3;7;5;2;1;0;6;5;0;4;28;0;1;30;42;0;7;193;1;0;frn07;29;16;5 
46;La Galissoniere Class;21;4;2;6;8;7;5;0;3;6;4;2;1;0;6;5;0;4;22;0;12;35;42;0;7;193;1;0;frn06;29;16;5 
47;Le Fantasque Class;15;4;2;4;14;3;4;3;3;10;3;2;1;0;6;6;0;20;15;0;11;33;46;0;7;193;1;0;frn04;29;16;5 
48;B1-bis;2;13;8;0;1;11;11;4;1;7;0;2;3;0;0;4;40;14;24;0;5;40;42;1;7;1;0;0;fr01;11;7;3 
49;H39;2;5;6;0;1;8;7;1;1;5;0;3;5;0;0;5;40;14;14;0;5;40;42;1;7;1;0;0;fr09;9;7;3 
50;M5A1;2;5;9;1;1;10;8;2;1;7;0;3;5;0;0;7;41;14;18;0;1;44;46;1;7;1;0;0;us28;11;7;3 
51;M4A1;2;13;12;2;1;12;9;3;1;9;0;2;3;0;0;5;45;12;22;0;6;44;46;1;7;1;0;0;us15;11;7;3 
52;M4A1/76;2;13;15;2;1;12;9;3;1;10;2;2;3;0;0;5;41;11;30;0;9;44;46;1;7;1;0;0;us23;11;7;3 
53;R35;2;4;4;0;1;8;7;1;1;3;0;3;5;0;0;4;41;11;10;0;3;35;42;1;7;1;0;0;fr09;9;7;3 
54;R40;2;4;5;0;1;8;7;1;1;4;0;2;5;0;0;4;39;11;15;0;6;40;42;1;7;1;0;0;fr09;9;7;3 
55;S35;2;5;8;0;1;10;11;1;1;7;0;2;4;0;0;5;51;14;19;0;5;40;42;1;7;1;0;0;fr02;11;7;3 
56;Truck;7;0;0;0;0;1;0;0;0;0;0;1;1;0;2;8;75;4;4;0;12;42;46;1;7;49;0;0;us07;12;3;3 
57;MCG-5;7;3;3;6;1;7;1;1;1;2;0;1;4;0;1;8;45;10;13;0;12;42;46;1;7;49;0;0;fr06;9;5;3 
58;Truck;7;0;0;0;0;2;0;0;0;1;0;1;1;0;2;8;60;4;4;0;9;36;41;1;7;49;0;0;uk28;12;3;3 
59;Wagon;7;0;0;0;0;1;0;0;0;0;0;1;1;0;2;4;0;0;2;0;9;36;46;1;7;49;0;0;wagon;2;9;1 
60;D.520;10;1;1;12;1;9;10;0;2;5;0;2;1;1;5;16;0;8;39;0;2;40;42;0;7;1;0;0;frp31;18;11;4 
61;MS-406;10;1;1;8;1;8;10;0;2;3;0;2;1;1;5;16;0;5;33;0;9;39;42;0;7;1;0;0;frp30;18;11;4 
62;Pz 633;11;5;4;8;2;11;6;0;2;4;0;2;1;1;5;16;0;5;35;0;1;39;42;0;7;65;0;0;frp32;21;13;4 
63;C-47;13;0;0;0;0;5;8;0;2;0;0;1;1;1;5;16;0;1;16;0;1;43;46;0;7;193;1;0;usp47;18;15;4 
64;20mm FlaK;9;3;2;7;1;2;6;0;0;5;2;2;9;0;4;0;0;12;8;0;7;38;46;1;8;49;0;0;it12a;11;1;2 
65;20mm (Q) FlaK;9;7;4;14;1;2;6;0;0;4;2;2;6;0;4;0;0;20;16;0;4;41;46;1;8;49;0;0;g123a;11;1;2 
66;3.7cm PaK;4;4;7;0;1;2;6;0;0;4;0;2;9;0;4;0;0;24;9;0;7;36;46;1;8;1;0;0;g120;15;1;2 
67;37mm FlaK;9;4;7;8;1;2;6;0;0;4;2;2;9;0;4;0;0;24;11;0;9;38;46;1;8;49;0;0;g122a;11;1;2 
68;37mm FlaK/IV;9;4;7;8;1;9;10;0;1;6;2;2;4;0;0;5;45;8;19;0;5;44;46;1;8;49;0;0;g45a;11;7;3 
69;88mm FlaK;9;13;18;10;2;2;6;0;0;11;3;3;6;0;4;0;0;10;22;0;4;37;46;1;8;49;0;0;g14b;11;1;2 
70;Coelion;9;4;7;14;1;10;12;1;1;8;2;2;4;0;0;6;45;20;28;0;5;45;46;1;8;49;0;0;g86;11;7;3 
71;FlaKPz 38(t);9;2;3;8;1;6;8;0;1;6;2;2;4;0;0;6;46;7;15;0;1;44;46;1;8;49;0;0;g60;11;7;3 
72;Ostwind;9;4;7;9;1;9;11;1;1;4;2;2;3;0;0;5;45;23;21;0;10;44;46;1;8;49;0;0;g45a;11;7;3 
73;SdKfz 7/1;9;4;7;14;1;4;9;1;1;4;2;2;4;0;1;7;45;23;20;0;10;41;46;1;8;49;0;0;g95;11;5;3 
74;SdKfz 6/2;9;3;2;9;1;4;9;1;1;5;2;2;4;0;1;7;40;8;14;0;7;39;46;1;8;49;0;0;g94;11;5;3 
75;SdKfz 10/4;9;3;2;7;1;4;9;1;1;5;2;2;4;0;1;7;40;12;14;0;7;39;46;1;8;49;0;0;g92;11;5;3 
76;Wirbelwind;9;6;4;14;1;7;11;1;1;6;2;2;3;0;0;5;45;19;23;0;9;44;46;1;8;49;0;0;g45b;11;7;3 
77;5cm PaK;4;7;11;0;1;8;8;0;0;9;0;2;9;0;4;0;0;9;14;0;10;40;46;1;8;1;0;0;g120;15;1;2 
78;7.5cm PaK;4;11;15;0;1;8;8;0;0;10;2;2;9;0;4;0;0;8;18;0;11;41;46;1;8;1;0;0;g109;15;1;2 
79;8.8cm;4;13;18;1;2;6;8;0;0;11;2;2;7;0;4;0;0;10;20;0;9;37;46;1;8;1;0;0;g14a;15;1;2 
80;8.8cm PaK;4;13;23;0;2;8;8;0;0;12;2;2;8;0;4;0;0;8;23;0;6;44;46;1;8;1;0;0;g130;15;1;2 
81;Elefant;4;13;23;0;1;18;10;1;1;12;2;2;2;0;0;3;24;7;39;0;7;43;46;1;8;1;0;0;g11;15;7;3 
82;Hetzer;4;6;15;0;1;14;8;1;1;10;2;2;5;0;0;5;43;8;23;0;6;44;46;1;8;1;0;0;g43;15;7;3 
83;JgdPanther;4;7;23;0;1;18;11;4;1;12;2;2;4;0;0;6;37;8;35;0;4;44;46;1;8;1;0;0;g26;15;7;3 
84;JgdPz IV;4;8;15;0;1;13;9;3;1;10;2;2;5;0;0;5;46;9;23;0;2;44;46;1;8;1;0;0;g49;15;7;3 
85;JgdPz IV/70;4;6;20;0;1;15;9;3;1;11;2;2;5;0;0;4;46;7;28;0;8;44;46;1;8;1;0;0;g49;15;7;3 
86;JagdTiger;4;9;28;0;1;20;12;4;1;12;2;2;2;0;0;4;28;8;44;0;12;44;46;1;8;1;0;0;g38;15;7;3 
87;Marder III;4;6;15;0;1;7;6;0;1;10;2;2;4;0;0;5;49;6;20;0;4;42;46;1;8;1;0;0;g112;15;7;3 
88;Nashorn;4;6;23;0;1;6;6;0;1;12;2;2;3;0;0;5;47;5;26;0;6;43;46;1;8;1;0;0;g111;15;7;3 
89;PzJgd I;4;3;9;0;1;6;6;0;1;8;0;2;5;0;0;6;39;9;13;0;2;40;46;1;8;1;0;0;g119;15;7;3 
90;StuG IIIF;4;11;14;1;1;10;8;1;1;10;2;2;5;0;0;5;39;7;21;0;4;42;46;1;8;1;0;0;g23;15;7;3 
91;StuG IIIG;4;12;15;1;1;11;9;4;1;10;2;2;5;0;0;5;40;8;24;0;5;43;46;1;8;1;0;0;g84a;15;7;3 
92;10.5 leFH 18;8;15;6;0;1;2;6;0;0;2;4;1;2;0;4;0;0;8;20;0;1;38;46;1;8;1;0;0;g54;15;1;2 
93;15 sFH 18;8;19;11;0;1;2;6;0;0;2;4;1;2;0;4;0;0;7;26;0;1;38;46;1;8;1;0;0;g134;15;1;2 
94;17 K18;8;21;13;0;2;2;6;0;0;2;5;1;2;0;4;0;0;6;32;0;1;42;46;1;8;1;0;0;g134;15;1;2 
95;7.5 leFk 16nA;8;11;4;0;1;2;6;0;0;2;3;1;2;0;4;0;0;9;14;0;1;38;46;1;8;1;0;0;g54;16;1;2 
96;sIG 38(t)M;8;19;11;1;1;13;6;0;1;4;3;1;3;0;0;4;38;5;33;0;3;43;46;1;8;1;0;0;g59;15;7;3 
97;Hummel;8;19;11;0;1;7;6;0;1;5;3;1;3;0;0;5;47;4;31;0;7;43;46;1;8;1;0;0;g110;15;7;3 
98;15 NbWf41;8;19;11;0;1;7;6;0;0;5;3;1;2;0;4;0;0;4;26;0;1;39;46;1;8;1;0;0;g63;17;1;2 
99;Wurfrahmen;8;22;11;1;1;7;3;1;1;0;3;1;3;0;1;6;55;3;33;0;3;43;46;1;8;1;0;0;g106;17;5;3 
100;3.7 inch;9;2;2;12;1;3;8;0;0;6;3;3;6;0;4;0;0;8;15;0;1;38;46;1;23;49;0;0;r47a;11;1;2 
101;sIG IB;8;19;11;0;1;5;6;0;1;4;3;1;3;0;0;5;35;3;31;0;5;40;46;1;8;1;0;0;g59;15;7;3 
102;sIG II;8;19;11;0;1;8;6;0;1;4;3;1;3;0;0;5;41;4;32;0;1;42;46;1;8;1;0;0;g59;15;7;3 
103;StuG IIIB;4;11;8;0;1;10;8;0;1;5;1;1;5;0;0;5;41;6;19;0;5;40;46;1;8;1;0;0;g17;15;7;3 
104;StuH 42;4;15;8;1;1;11;9;4;1;5;2;1;3;0;0;5;40;7;22;0;10;42;46;1;8;1;0;0;g84b;15;7;3 
105;Wespe;8;15;6;1;1;6;6;0;1;5;3;1;3;0;0;5;39;6;24;0;7;43;46;1;8;1;0;0;g117;15;7;3 
106;Strongpoint;6;4;2;2;2;10;8;3;1;5;0;2;8;0;4;0;0;10;15;0;1;38;46;0;8;129;1;0;bunkr;7;1;6 
107;Fortification;6;8;4;2;4;10;8;3;1;5;0;2;8;0;4;0;0;10;17;0;1;38;46;0;8;129;1;0;fort;4;1;6 
108;Stosstruppen;1;8;6;1;1;8;8;0;0;2;0;2;8;0;3;3;0;7;15;0;6;38;46;2;8;1;0;0;i10x3;3;1;1 
109;Cavalry;1;6;2;0;1;6;7;0;0;1;0;3;6;0;3;5;0;7;13;0;1;38;46;1;8;1;0;0;i11x3;2;2;1 
110;Pioniere;1;8;6;1;1;8;8;0;0;2;0;2;8;0;3;3;0;7;19;0;6;38;46;2;8;5;0;0;i10x3;3;1;1 
111;Bridging;1;6;2;0;1;6;7;0;0;2;0;2;8;0;3;3;0;7;12;0;1;38;46;2;8;9;0;0;i10x3;2;1;1 
112;Garrison;1;4;2;0;1;5;6;0;0;0;0;2;6;0;3;2;0;5;8;0;1;38;46;1;8;1;0;0;i11x3;2;1;1 
113;Jaeger;1;8;3;1;1;8;8;0;0;2;0;2;8;0;11;3;0;7;15;0;6;38;46;2;8;1;0;0;i12x3;2;1;1 
114;Fallschirm;1;8;5;0;1;8;7;0;0;2;0;2;8;0;3;3;0;8;16;0;6;38;46;3;8;1;0;0;i09x3;3;1;1 
115;Regular;1;6;2;0;1;6;7;0;0;2;0;2;8;0;3;3;0;7;11;0;1;38;46;2;8;1;0;0;i12x3;2;1;1 
116;Volkssturm;1;4;4;0;1;5;6;0;0;1;0;2;8;0;3;3;0;5;9;0;6;44;46;1;8;1;0;0;i11x3;2;1;1 
117;PSW 222;3;2;3;2;1;7;6;1;1;6;0;4;6;0;2;6;55;8;13;0;1;36;46;1;8;1;0;0;g15;12;3;3 
118;PSW 231;3;2;3;2;1;8;6;1;1;6;0;4;6;0;8;8;55;8;14;0;1;38;46;1;8;1;0;0;g53a;12;3;3 
119;PSW 233;3;11;8;0;1;8;6;0;1;5;0;4;6;0;8;8;55;3;22;0;6;43;46;1;8;1;0;0;g53b;12;3;3 
120;PSW 234/1;3;2;3;2;1;9;5;1;1;6;0;4;6;0;8;8;115;16;15;0;7;44;46;1;8;1;0;0;g53a;12;3;3 
121;PSW 234/2;3;7;11;0;1;9;7;2;1;9;0;4;6;0;8;8;115;10;23;0;10;43;46;1;8;1;0;0;g52;12;3;3 
122;PSW 234/3;3;11;8;0;1;9;7;2;1;9;0;4;6;0;8;8;115;10;23;0;12;44;46;1;8;1;0;0;g53b;13;3;3 
123;PSW 234/4;3;11;14;0;1;9;7;2;1;9;2;4;6;0;8;8;115;5;27;0;12;44;46;1;8;1;0;0;g61;13;3;3 
124;Bismarck Class;16;9;6;6;19;10;8;0;3;13;6;2;1;0;6;4;0;20;42;0;1;41;46;0;8;193;1;0;gen05;28;16;5 
125;Scharnhorst Class;19;10;6;8;17;9;9;0;3;11;6;2;1;0;6;5;0;20;36;0;1;39;46;0;8;193;1;0;gen01;28;16;5 
126;Hipper Class;20;6;3;5;12;7;7;0;3;9;5;2;1;0;6;5;0;20;26;0;4;39;46;0;8;193;1;0;gen06;29;16;5 
127;Nurnberg Class;21;4;2;4;10;5;5;0;3;8;4;2;1;0;6;5;0;20;20;0;1;36;46;0;8;193;1;0;gen11;29;16;5 
128;Zeppelin Class;17;1;1;5;2;5;5;0;3;8;0;1;1;0;6;5;100;20;44;0;1;43;46;0;8;241;1;0;gen20;29;16;5 
129;Maass Class;15;3;1;3;13;3;3;3;3;11;3;2;1;0;6;5;0;20;13;0;1;43;46;0;8;193;1;0;gen03;29;16;5 
130;Maus;2;20;25;0;4;25;10;5;1;12;2;2;1;0;0;3;29;11;54;0;2;45;46;1;8;1;0;0;g87;11;7;3 
131;Panther A;2;13;20;0;1;16;9;4;1;11;2;2;3;0;0;6;34;11;33;0;9;43;46;1;8;1;0;0;g19;11;7;3 
132;Panther D;2;12;20;0;1;15;9;4;1;10;2;2;3;0;0;6;28;10;34;0;7;43;46;1;8;1;0;0;g19;11;7;3 
133;Panther G;2;13;20;1;1;17;10;4;1;11;2;2;3;0;0;6;40;11;34;0;2;44;46;1;8;1;0;0;g19;11;7;3 
134;Panther IIF;2;15;24;1;1;18;11;5;1;13;2;2;3;0;0;5;28;14;46;0;6;45;46;1;8;1;0;0;g85;11;7;3 
135;Pz 35(t);2;5;6;0;1;8;8;2;1;3;0;2;5;0;0;5;50;8;14;0;1;39;46;1;8;1;0;0;g131;11;7;3 
136;Pz 38(t)A;2;5;7;0;1;8;8;2;1;6;0;2;5;0;0;5;50;9;15;0;5;39;46;1;8;1;0;0;g07;11;7;3 
137;Pz 38(t)F;2;5;7;0;1;9;9;2;1;6;0;2;5;0;0;5;50;11;18;0;11;40;46;1;8;1;0;0;g07;11;7;3 
138;Pz IA;2;3;1;0;1;6;7;1;1;2;0;3;5;0;0;5;40;4;10;0;2;35;46;1;8;1;0;0;g115;9;7;3 
139;Pz IB;2;3;1;0;1;7;7;1;1;2;0;3;5;0;0;5;39;5;10;0;8;35;46;1;8;1;0;0;g115;9;7;3 
140;Pz IIA;2;4;3;0;1;7;9;2;1;6;0;3;5;0;0;6;45;8;11;0;5;37;46;1;8;1;0;0;g113;11;7;3 
141;Pz IIF;2;4;3;0;1;8;8;2;1;6;0;3;5;0;0;5;45;10;14;0;3;41;46;1;8;1;0;0;g114;11;7;3 
142;Pz IIIE;2;5;7;0;1;8;9;2;1;6;0;2;4;0;0;5;42;14;13;0;7;39;46;1;8;1;0;0;g04;11;7;3 
143;Pz IIIG;2;6;7;0;1;9;9;2;1;7;0;2;4;0;0;5;42;13;16;0;8;40;46;1;8;1;0;0;g04;11;7;3 
144;Pz IIIJ;2;8;11;0;1;10;9;2;1;9;0;2;4;0;0;5;41;11;19;0;3;42;46;1;8;1;0;0;g83;11;7;3 
145;Pz IIIL;2;9;11;1;1;10;9;3;1;10;0;2;4;0;0;5;41;11;22;0;7;42;46;1;8;1;0;0;g28a;11;7;3 
146;Pz IIIH;2;7;9;0;1;10;9;2;1;8;0;2;4;0;0;5;41;11;18;0;2;41;46;1;8;1;0;0;g04;11;7;3 
147;Pz IIIN;2;11;9;0;1;10;9;2;1;11;0;2;4;0;0;5;41;8;23;0;9;42;46;1;8;1;0;0;g28b;11;7;3 
148;Pz IVD;2;11;8;0;1;8;8;2;1;5;0;2;4;0;0;5;46;11;21;0;1;40;46;1;8;1;0;0;g05;11;7;3 
149;Pz IVF2;2;13;14;0;1;9;8;2;1;8;2;2;4;0;0;5;45;12;23;0;6;42;46;1;8;1;0;0;g22;11;7;3 
150;Pz IVG;2;13;14;0;1;10;8;2;1;9;2;2;4;0;0;5;46;11;24;0;9;42;46;1;8;1;0;0;g22;11;7;3 
151;Pz IVH;2;13;15;0;1;11;8;2;1;10;2;2;4;0;0;5;46;11;25;0;1;43;46;1;8;1;0;0;g44;11;7;3 
152;Pz IVJ;2;13;15;1;1;11;9;4;1;10;2;2;4;0;0;5;57;11;26;0;7;44;46;1;8;1;0;0;g44;11;7;3 
153;Tiger;2;15;17;1;1;18;11;4;1;11;2;2;3;0;0;5;28;13;35;0;1;43;46;1;8;1;0;0;g68;11;7;3 
154;King Tiger;2;15;23;1;1;20;12;4;1;12;2;2;2;0;0;4;29;11;44;0;6;44;46;1;8;1;0;0;g32;11;7;3 
155;250/1;3;2;1;1;0;8;0;1;1;2;0;4;3;0;1;7;45;6;11;0;9;41;46;1;8;1;0;0;g93;12;5;3 
156;251/1;7;2;1;1;0;7;0;1;1;2;0;1;3;0;1;6;55;7;12;0;9;39;46;1;8;49;0;0;g107;9;5;3 
157;Truck;7;0;0;0;0;1;0;0;0;1;0;1;1;0;2;8;55;4;4;0;9;36;46;1;8;49;0;0;g25;12;3;3 
158;Wagon;7;0;0;0;0;1;0;0;0;0;0;1;1;0;2;4;0;0;2;0;9;36;46;1;8;49;0;0;wagon;2;9;1 
159;Me-109e;10;1;1;14;1;8;10;0;2;5;0;2;1;1;5;16;0;7;41;0;1;39;46;0;8;1;0;0;gp03;18;11;4 
160;Me-109g;10;1;1;14;1;8;12;0;2;5;0;2;1;1;5;16;0;8;43;0;5;42;46;0;8;1;0;0;gp03;18;11;4 
161;Me-109k;10;1;1;16;1;9;14;0;2;6;0;2;1;1;5;16;0;6;48;0;1;43;46;0;8;1;0;0;gp01;18;11;4 
162;Me-110c;10;3;1;8;1;9;8;0;2;4;0;2;1;1;5;16;0;8;32;0;1;39;46;0;8;1;0;0;gp16;18;11;4 
163;Do-335;10;1;1;25;1;9;17;0;2;7;0;2;1;1;5;16;0;8;65;0;4;45;46;0;8;1;0;0;gp39;19;11;4 
164;FW-190a;10;1;1;17;1;9;14;0;2;6;0;2;1;1;5;16;0;8;50;0;7;41;46;0;8;1;0;0;gp19;18;11;4 
165;FW-190d;10;2;1;19;1;9;14;0;2;6;0;2;1;1;5;16;0;8;53;0;1;44;46;0;8;1;0;0;gp20;18;11;4 
166;He-162;10;1;1;27;2;9;16;0;2;8;0;2;1;1;5;16;0;6;67;0;4;45;46;0;8;1;0;0;gp07;19;12;4 
167;Me-163;10;1;1;22;2;12;8;0;2;8;0;2;1;1;5;16;0;4;55;0;8;44;46;0;8;1;0;0;gp06;19;12;4 
168;Me-262;10;3;2;25;2;10;17;0;2;7;0;2;1;1;5;16;0;6;66;0;10;44;46;0;8;1;0;0;gp38;19;12;4 
169;Me-110e;11;6;6;6;2;10;8;0;2;4;0;2;1;1;5;16;0;6;36;0;1;41;46;0;8;65;0;0;gp16;21;14;4 
170;FW-190f;11;6;6;13;2;9;14;0;2;6;0;2;1;1;5;16;0;7;48;0;12;42;46;0;8;65;0;0;gp20;21;13;4 
171;FW-190g;11;8;8;14;3;10;15;0;2;6;0;2;1;1;5;16;0;7;53;0;6;43;46;0;8;65;0;0;gp20;21;13;4 
172;HS-129;11;8;14;5;7;12;6;0;2;2;0;2;1;1;5;16;0;7;45;0;1;44;46;0;8;65;0;0;gp23;22;14;4 
173;Ju-87B;11;10;9;3;5;8;4;0;2;2;0;2;1;1;5;16;0;5;35;0;9;38;46;0;8;65;0;0;gp08;21;13;4 
174;Ju-87D;11;12;10;4;7;9;5;0;2;2;0;2;1;1;5;16;0;7;40;0;2;41;46;0;8;65;0;0;gp08;21;13;4 
175;Ju-87G;11;9;13;4;7;9;5;0;2;2;0;2;1;1;5;16;0;7;41;0;3;42;46;0;8;65;0;0;gp08;21;13;4 
176;Ju-52;13;0;0;0;0;5;4;0;2;0;0;1;1;1;5;16;0;4;12;0;1;38;46;0;8;193;1;0;gp46;18;15;4 
177;5cm PaK;4;7;11;0;1;8;8;0;0;9;0;2;9;0;4;0;0;9;14;0;8;41;46;1;11;1;0;0;g120;15;1;2 
178;7.5cm  PaK;4;11;15;0;1;8;8;0;0;10;2;2;9;0;4;0;0;8;20;0;8;42;46;1;11;1;0;0;g109;15;1;2 
179;105mm;8;15;6;0;1;2;6;0;0;2;4;1;2;0;4;0;0;8;21;0;1;40;46;1;11;1;0;0;g54;15;1;2 
180;75mm;8;11;4;0;1;2;6;0;0;2;3;1;2;0;4;0;0;9;15;0;9;38;46;1;11;1;0;0;g54;16;1;2 
181;StuG IIIB;4;11;8;0;1;10;8;0;1;5;1;1;5;0;0;5;41;6;21;0;3;40;46;1;11;1;0;0;g17;15;7;3 
182;Strongpoint;6;4;2;2;2;10;8;3;1;5;0;2;8;0;4;0;0;10;15;0;1;38;46;0;11;129;1;0;bunkr;7;1;6 
183;Fortification;6;8;4;2;4;10;8;3;1;5;0;2;8;0;4;0;0;10;17;0;1;38;46;0;11;129;1;0;fort;4;1;6 
184;Cavalry;1;4;1;0;1;4;7;0;0;2;0;3;6;0;3;5;0;6;11;0;1;38;46;1;11;1;0;0;i14x3;2;2;1 
185;Regular;1;4;1;0;1;5;7;0;0;1;0;2;8;0;3;3;0;6;9;0;1;38;46;2;11;1;0;0;i14x3;2;1;1 
186;Tatra;3;2;2;2;1;7;6;1;1;6;0;4;6;0;2;8;55;8;14;0;1;37;46;1;11;1;0;0;g15;12;3;3 
187;BT-5;2;4;7;0;1;9;8;1;1;6;0;2;4;0;0;8;55;11;17;0;4;34;46;1;11;1;0;0;r27;11;7;3 
188;B1-bis;2;13;8;0;1;11;11;2;1;7;0;2;3;0;0;4;40;14;26;0;8;41;46;1;11;1;0;0;fr01;11;7;3 
189;Pz 38(t)A;2;5;7;0;1;7;8;2;1;6;0;2;5;0;0;5;50;9;16;0;5;39;46;1;11;1;0;0;g07;11;7;3 
190;Turan-1;2;3;3;0;1;9;8;1;1;6;0;2;5;0;0;4;55;11;15;0;2;43;46;1;11;1;0;0;g131;11;7;3 
191;Turan-2;2;4;7;0;1;9;8;1;1;6;0;2;5;0;0;4;55;11;16;0;10;44;46;1;11;1;0;0;g07;11;7;3 
192;Truck;7;0;0;0;0;1;0;0;0;1;0;1;1;0;2;8;55;4;4;0;9;36;46;1;11;49;0;0;g25;12;3;3 
193;Wagon;7;0;0;0;0;1;0;0;0;0;0;1;1;0;2;4;0;0;2;0;9;36;46;1;11;49;0;0;wagon;2;9;1 
194;Me-109e;10;1;1;14;1;8;10;0;2;5;0;2;1;1;5;16;0;7;40;0;1;40;46;0;11;1;0;0;gp03;18;11;4 
195;FW-190F;10;1;1;19;1;9;14;0;2;6;0;2;1;1;5;16;0;8;53;0;6;43;46;0;11;1;0;0;gp20;18;11;4 
196;Ju-87;11;10;9;3;5;8;4;0;2;2;0;2;1;1;5;16;0;5;35;0;9;39;46;0;11;65;0;0;gp08;21;13;4 
197;Ju-52;13;0;0;0;0;5;4;0;2;0;0;1;1;1;5;16;0;4;12;0;1;40;46;0;11;193;1;0;gp46;18;15;4 
198;20mm;9;2;4;7;1;6;6;0;0;4;2;2;9;0;4;0;0;9;10;0;2;37;46;1;13;49;0;0;it12;11;1;2 
199;20mm;9;2;4;7;1;2;6;0;0;4;2;2;4;0;2;8;40;9;12;0;6;38;46;1;13;49;0;0;it14;11;3;3 
200;47mm;4;4;8;0;1;8;8;0;0;7;0;2;9;0;4;0;0;9;12;0;2;36;46;1;13;1;0;0;it13;15;1;2 
201;S-47;4;5;8;0;1;6;6;0;1;7;0;2;4;0;0;5;45;7;14;0;5;42;46;1;13;1;0;0;it09;15;7;3 
202;S-75;4;11;12;1;1;9;9;1;1;9;0;2;5;0;0;5;48;7;24;0;7;43;46;1;13;1;0;0;it03;15;7;3 
203;S-90;4;13;18;0;2;7;6;0;1;10;2;2;5;0;0;3;45;4;29;0;8;43;46;1;13;1;0;0;it04;15;7;3 
204;100mm;8;12;5;0;1;2;6;0;0;1;3;1;2;0;4;0;0;8;16;0;1;38;46;1;13;1;0;0;g124;15;1;2 
205;149mm;8;15;9;0;1;2;6;0;0;1;4;1;2;0;4;0;0;7;22;0;1;38;46;1;13;1;0;0;g124;15;1;2 
206;75mm;8;9;4;0;1;2;6;0;0;1;3;1;2;0;4;0;0;9;13;0;1;38;46;1;13;1;0;0;g54;16;1;2 
207;47mm;8;5;6;0;0;8;6;0;1;7;2;1;3;0;2;5;45;7;17;0;7;42;46;1;13;1;0;0;it09;16;3;3 
208;75mm;8;11;10;1;0;9;9;1;1;7;3;1;3;0;0;5;48;7;24;0;1;42;46;1;13;1;0;0;it03;16;7;3 
209;Strongpoint;6;4;2;2;2;10;8;3;1;5;0;2;8;0;4;0;0;10;15;0;1;38;46;0;13;129;1;0;bunkr;7;1;6 
210;Fortification;6;8;4;2;4;10;8;3;1;5;0;2;8;0;4;0;0;10;17;0;1;38;46;0;13;129;1;0;fort;4;1;6 
211;Alpini;1;5;2;0;1;6;7;0;0;1;0;2;8;0;11;3;0;6;12;0;6;40;46;2;13;1;0;0;i16x3;2;1;1 
212;Bersagliere;1;6;2;0;1;7;8;0;0;1;0;2;8;0;3;3;0;8;13;0;6;40;46;2;13;1;0;0;i17x3;3;1;1 
213;Engineer;1;5;4;0;1;7;8;0;0;1;0;2;8;0;3;3;0;6;16;0;1;38;46;2;13;5;0;0;i16x3;2;1;1 
214;Regular;1;5;1;0;1;5;7;0;0;0;0;2;8;0;3;3;0;6;10;0;1;38;46;2;13;1;0;0;i14x3;2;1;1 
215;AB-41;3;3;3;1;1;7;7;2;1;6;0;4;6;0;8;8;70;15;13;0;8;41;46;1;13;1;0;0;it02;12;3;3 
216;Littorio Class;16;10;6;8;18;10;8;0;3;10;6;2;1;0;6;4;0;20;36;0;5;40;46;0;13;193;1;0;rmn03;28;16;5 
217;Zara Class;20;7;4;6;14;7;7;0;3;9;5;2;1;0;6;5;0;20;28;0;1;33;46;0;13;193;1;0;rmn04;29;16;5 
218;Condottieri Class;21;4;2;4;11;6;5;0;3;8;4;2;1;0;6;6;0;20;21;0;1;36;46;0;13;193;1;0;rmn06;29;16;5 
219;L6/40;2;3;3;0;1;8;3;1;1;6;0;2;5;0;0;5;45;10;13;0;5;41;46;1;13;1;0;0;it06;11;7;3 
220;M13/40;2;6;7;0;1;8;9;2;1;7;0;2;4;0;0;4;45;11;17;0;12;40;46;1;13;1;0;0;it01;11;7;3 
221;M14/41;2;6;7;0;1;8;9;2;1;8;0;2;4;0;0;4;45;11;17;0;1;42;46;1;13;1;0;0;it01;11;7;3 
222;M15/42;2;7;8;0;1;9;9;2;1;8;0;2;4;0;0;5;47;12;20;0;9;43;46;1;13;1;0;0;it01;11;7;3 
223;P26/40;2;12;11;0;1;11;10;2;1;9;0;2;4;0;0;5;45;10;28;0;1;44;46;1;13;1;0;0;it07;11;7;3 
224;Truck;7;0;0;0;0;1;0;0;0;1;0;1;1;0;2;8;55;4;4;0;9;36;46;1;13;49;0;0;it05;12;3;3 
225;Wagon;7;0;0;0;0;1;0;0;0;0;0;1;1;0;2;4;0;0;2;0;9;36;46;1;13;49;0;0;wagon;2;9;1 
226;G.55;10;2;1;15;1;8;14;0;2;7;0;2;1;1;5;16;0;8;47;0;6;43;46;0;13;1;0;0;ip22;18;11;4 
227;MC.200;10;1;1;10;0;8;9;0;2;4;0;2;1;1;5;16;0;8;34;0;6;39;46;0;13;1;0;0;ip34;18;11;4 
228;MC.202;10;1;1;12;1;8;10;0;2;5;0;2;1;1;5;16;0;11;38;0;11;41;46;0;13;1;0;0;ip22;18;11;4 
229;MC.205;10;1;1;15;1;8;13;0;2;6;0;2;1;1;5;16;0;8;45;0;4;43;46;0;13;1;0;0;ip22;18;11;4 
230;Re.2000;10;1;1;8;1;8;8;0;2;3;0;2;1;1;5;16;0;8;31;0;6;40;46;0;13;1;0;0;ip34;18;11;4 
231;Re.2005;10;3;2;14;2;10;13;0;2;5;0;2;1;1;5;16;0;7;46;0;5;43;46;0;13;1;0;0;ip22;18;11;4 
232;BA.65;11;8;7;3;3;8;4;0;2;1;0;2;1;1;5;16;0;6;31;0;1;38;46;0;13;65;0;0;ip45;21;13;4 
233;CA.311;11;8;7;3;3;11;4;0;2;1;0;2;1;1;5;16;0;6;35;0;1;39;46;0;13;65;0;0;ip45;21;13;4 
234;Ju-52;13;0;0;0;0;5;4;0;2;0;0;1;1;1;5;16;0;4;12;0;1;38;46;0;13;193;1;0;gp46;18;15;4 
235;20mm FlaK;9;3;2;7;1;2;6;0;0;5;2;2;9;0;4;0;0;12;9;0;4;32;46;1;25;49;0;0;it12a;11;1;2 
236;3.7cm  PaK;4;4;7;0;1;8;8;0;0;6;0;2;9;0;4;0;0;10;11;0;4;37;40;1;25;1;0;0;g120;15;1;2 
237;7.5cm PaK;4;11;15;0;1;8;8;0;0;10;2;2;9;0;4;0;0;8;18;0;3;42;46;1;25;1;0;0;g109;15;1;2 
238;47mm;4;4;8;0;1;8;8;0;0;7;0;2;9;0;4;0;0;9;13;0;4;36;46;1;25;1;0;0;uk45;15;1;2 
239;StuG IIIG;4;11;15;1;1;11;9;1;1;10;2;2;5;0;0;5;40;8;25;0;7;43;46;1;25;1;0;0;g84a;15;7;3 
240;149mm;8;13;7;0;1;2;6;0;0;1;4;1;2;0;4;0;0;7;21;0;1;36;40;1;25;1;0;0;g124;15;1;2 
241;65mm;8;7;2;0;1;2;6;0;0;1;3;1;2;0;4;0;0;9;12;0;1;36;40;1;25;1;0;0;g54;16;1;2 
242;Strongpoint;6;4;2;2;2;10;8;3;1;5;0;2;8;0;4;0;0;10;15;0;1;38;46;0;25;129;1;0;bunkr;7;1;6 
243;Fortification;6;8;4;2;4;10;8;3;1;5;0;2;8;0;4;0;0;10;17;0;1;38;46;0;25;129;1;0;fort;4;1;6 
244;Legionnaire;1;6;2;0;1;5;6;0;0;1;0;2;8;0;3;3;0;8;11;0;1;35;40;2;25;1;0;0;i20x3;2;1;1 
245;Militia;1;2;1;0;1;3;3;0;0;0;0;2;6;0;3;3;0;6;5;0;1;35;40;1;25;1;0;0;i18x3;2;1;1 
246;Regular;1;2;1;0;1;4;4;0;0;0;0;2;8;0;3;3;0;6;6;0;1;35;40;2;25;1;0;0;i19x3;2;1;1 
247;Pz IA;2;3;1;0;1;6;7;1;1;2;0;3;5;0;0;5;40;4;12;0;7;35;40;1;25;1;0;0;g115;9;7;3 
248;Pz IB;2;3;1;0;1;7;7;1;1;2;0;3;5;0;0;5;39;5;12;0;2;36;40;1;25;1;0;0;g115;9;7;3 
249;Pz IIIJ;2;8;11;0;1;10;9;2;1;9;0;2;4;0;0;5;41;11;23;0;5;42;46;1;25;1;0;0;g83;11;7;3 
250;Truck;7;0;0;0;0;1;0;0;0;1;0;1;1;0;2;8;55;4;4;0;9;36;40;1;25;49;0;0;g25;12;3;3 
251;Wagon;7;0;0;0;0;1;0;0;0;0;0;1;1;0;2;4;0;0;2;0;9;36;46;1;25;49;0;0;wagon;2;9;1 
252;Bf-109b;10;1;0;14;1;8;10;0;2;5;0;2;1;1;5;16;0;7;40;0;6;37;40;0;25;1;0;0;gp03;18;11;4 
253;Ju-52;13;0;0;0;0;5;4;0;2;0;0;1;1;1;5;16;0;4;12;0;1;38;40;0;25;193;1;0;gp46;18;15;4 
254;47mm;4;4;8;0;1;8;8;0;0;7;0;2;9;0;4;0;0;9;13;0;7;38;41;1;15;1;0;0;uk48;15;1;2 
255;75mm;8;11;4;0;1;2;6;0;0;1;3;1;2;0;4;0;0;9;15;0;9;39;42;1;15;1;0;0;uk49;16;1;2 
256;Strongpoint;6;4;2;2;2;10;8;3;1;5;0;2;8;0;4;0;0;10;15;0;1;38;46;0;15;129;1;0;bunkr;7;1;6 
257;Fortification;6;8;4;2;4;10;8;3;1;5;0;2;8;0;4;0;0;10;17;0;1;38;46;0;15;129;1;0;fort;4;1;6 
258;Regular;1;5;1;0;1;5;7;0;0;1;0;2;8;0;3;3;0;5;10;0;1;38;46;2;15;1;0;0;i04x3;2;1;1 
259;Wagon;7;0;0;0;0;1;0;0;0;0;0;1;1;0;2;4;0;0;2;0;9;36;46;1;15;49;0;0;wagon;2;9;1 
260;17 Pdr;4;6;21;0;1;8;8;0;0;11;2;2;8;0;4;0;0;7;21;0;6;44;46;1;16;1;0;0;uk45;15;1;2 
261;47mm;4;4;8;0;1;8;8;0;0;7;0;2;9;0;4;0;0;9;12;0;5;36;46;1;16;1;0;0;uk45;15;1;2 
262;105mm;8;15;6;0;1;2;6;0;0;2;4;1;2;0;4;0;0;8;21;0;1;40;41;1;16;1;0;0;g124;15;1;2 
263;105mm;8;16;6;0;0;2;6;0;0;0;4;1;2;0;4;0;0;8;21;0;9;43;46;1;16;1;0;0;us10;15;1;2 
264;75mm;8;9;4;0;1;2;6;0;0;1;3;1;2;0;4;0;0;9;13;0;6;40;41;1;16;1;0;0;g54;16;1;2 
265;Strongpoint;6;4;2;2;2;10;8;3;1;5;0;2;8;0;4;0;0;10;15;0;1;38;46;0;16;129;1;0;bunkr;7;1;6 
266;Fortification;6;8;4;2;4;10;8;3;1;5;0;2;8;0;4;0;0;10;17;0;1;38;46;0;16;129;1;0;fort;4;1;6 
267;Cavalry;1;4;1;0;1;2;5;0;0;1;0;3;6;0;3;5;0;7;8;0;11;38;41;1;16;1;0;0;i21x3;2;2;1 
268;Engineer;1;4;2;0;1;4;7;0;0;1;0;2;8;0;3;3;0;5;12;0;11;38;46;2;16;5;0;0;i23x3;2;1;1 
269;Paratrooper;1;8;5;1;0;9;8;0;0;0;0;2;8;0;3;3;0;7;17;0;1;43;46;3;16;1;0;0;i42x3;3;1;1 
270;Regular;1;5;1;0;1;3;7;0;0;0;0;2;8;0;3;3;0;5;9;0;1;38;46;2;16;1;0;0;i21x3;2;1;1 
271;Regular;1;6;2;0;0;6;7;0;0;1;0;2;8;0;3;3;0;6;11;0;12;39;46;2;16;1;0;0;i39x3;2;1;1 
272;M8;3;3;9;2;1;7;6;1;1;7;0;4;6;0;8;8;81;9;16;0;1;44;46;1;16;1;0;0;us19;12;3;3 
273;7TP;2;5;7;0;1;6;6;1;1;6;0;2;4;0;0;4;41;8;14;0;3;35;41;1;16;1;0;0;uk36;11;7;3 
274;M5A1;2;5;9;1;1;10;8;3;1;7;0;3;5;0;0;7;41;14;18;0;1;44;46;1;16;1;0;0;us28;11;7;3 
275;M4A1;2;13;12;2;1;12;9;3;1;9;0;2;3;0;0;5;45;12;22;0;8;44;46;1;16;1;0;0;us15;11;7;3 
276;R35;2;3;4;0;1;8;7;1;1;3;0;3;5;0;0;4;41;10;12;0;5;39;41;1;16;1;0;0;fr05;9;7;3 
277;TKS;2;3;1;0;1;4;4;1;1;3;0;2;5;0;0;5;41;10;8;0;3;36;41;1;16;1;0;0;uk36;11;7;3 
278;Truck;7;0;0;0;0;1;0;0;0;1;0;1;1;0;2;8;55;4;4;0;9;36;46;1;16;49;0;0;uk28;12;3;3 
279;Wagon;7;0;0;0;0;1;0;0;0;0;0;1;1;0;2;4;0;0;2;0;9;36;46;1;16;49;0;0;wagon;2;9;1 
280;P.24;10;1;1;6;1;7;8;0;2;3;0;2;1;1;5;16;0;6;28;0;1;38;41;0;16;1;0;0;pp35;18;11;4 
281;P.23B;11;6;6;3;3;9;6;0;2;1;0;2;1;1;5;16;0;5;31;0;1;38;41;0;16;65;0;0;pp36;21;14;4 
282;C-47;13;0;0;0;0;5;8;0;2;0;0;1;1;1;5;16;0;1;16;0;1;43;46;0;16;193;1;0;usp47;18;15;4 
283;47mm;4;4;8;0;1;8;8;0;0;7;0;2;9;0;4;0;0;9;13;0;6;36;46;1;26;1;0;0;uk45;15;1;2 
284;155mm;8;15;9;0;1;2;6;0;0;1;4;1;2;0;4;0;0;7;24;0;1;37;46;1;26;1;0;0;r19;15;1;2 
285;75mm;8;9;4;0;1;2;6;0;0;1;3;1;2;0;4;0;0;9;14;0;1;37;46;1;26;1;0;0;r13a;16;1;2 
286;Strongpoint;6;4;2;2;2;10;8;3;1;5;0;2;8;0;4;0;0;10;15;0;1;38;46;0;26;129;1;0;bunkr;7;1;6 
287;Fortification;6;8;4;2;4;10;8;3;1;5;0;2;8;0;4;0;0;10;17;0;1;38;46;0;26;129;1;0;fort;4;1;6 
288;Brigade;1;6;2;0;1;5;6;0;0;1;0;2;8;0;3;3;0;8;11;0;1;35;40;2;26;1;0;0;i27x3;2;1;1 
289;Militia;1;2;1;0;1;3;3;0;0;0;0;2;6;0;3;2;0;6;5;0;1;35;40;1;26;1;0;0;i25x3;2;1;1 
290;Regular;1;2;1;0;1;4;4;0;0;0;0;2;8;0;3;3;0;6;6;0;1;35;40;2;26;1;0;0;i25x3;2;1;1 
291;BA-6;3;1;7;0;1;8;7;1;1;5;0;4;6;0;8;7;55;7;15;0;1;36;46;1;26;1;0;0;r45;12;3;3 
292;BT-5;2;5;7;0;1;9;8;1;1;6;0;2;4;0;0;8;55;11;17;0;4;34;46;1;26;1;0;0;r27;11;7;3 
293;T-26;2;4;7;0;1;10;6;3;1;5;0;2;3;0;0;5;45;14;15;0;4;33;46;1;26;1;0;0;r25;11;7;3 
294;Truck;7;0;0;0;0;1;0;0;0;1;0;1;1;0;2;8;55;4;4;0;9;36;46;1;26;49;0;0;us07;12;3;3 
295;Wagon;7;0;0;0;0;1;0;0;0;0;0;1;1;0;2;4;0;0;2;0;9;36;46;1;26;49;0;0;wagon;2;9;1 
296;Rata;10;1;1;8;1;7;7;0;2;3;0;2;1;1;5;16;0;6;29;0;1;37;46;0;26;1;0;0;rp02;18;11;4 
297;C-47;13;0;0;0;0;5;8;0;2;0;0;1;1;1;5;16;0;1;16;0;9;39;46;0;26;193;1;0;usp47;18;15;4 
298;37mm FlaK;9;4;7;9;1;2;6;0;0;4;2;2;8;0;4;0;0;20;12;0;9;40;46;1;18;49;0;0;g122a;11;1;2 
299;7.5cm  PaK;4;11;15;0;1;8;8;0;0;10;2;2;8;0;4;0;0;8;19;0;4;42;46;1;18;1;0;0;g109;15;1;2 
300;47mm;4;4;8;0;1;8;8;0;0;7;0;2;9;0;4;0;0;9;13;0;8;36;46;1;18;1;0;0;uk45;15;1;2 
301;Maresal;4;11;15;0;1;10;9;1;1;10;2;2;5;0;0;5;40;8;20;0;8;44;46;1;18;1;0;0;g43;15;7;3 
302;StuG IIIG;4;11;15;1;1;11;9;1;1;10;2;2;5;0;0;5;40;8;23;0;12;42;46;1;18;1;0;0;g84a;15;7;3 
303;100mm;8;12;6;0;1;2;6;0;0;1;3;1;2;0;4;0;0;8;18;0;6;40;46;1;18;1;0;0;g134;15;1;2 
304;75mm;8;9;4;0;1;2;6;0;0;1;3;1;2;0;4;0;0;9;13;0;6;40;46;1;18;1;0;0;g54;16;1;2 
305;Strongpoint;6;4;2;2;2;10;8;3;1;5;0;2;8;0;4;0;0;10;15;0;1;38;46;0;18;129;1;0;bunkr;7;1;6 
306;Fortification;6;8;4;2;4;10;8;3;1;5;0;2;8;0;4;0;0;10;17;0;1;38;46;0;18;129;1;0;fort;4;1;6 
307;Cavalry;1;4;1;0;1;5;6;0;0;1;0;3;6;0;3;5;0;6;11;0;6;40;46;1;18;1;0;0;i27x3;2;2;1 
308;Regular;1;5;1;0;1;6;7;0;0;1;0;2;8;0;3;3;0;6;10;0;1;38;46;2;18;1;0;0;i27x3;2;1;1 
309;Pz IIIJ;2;8;11;0;1;10;9;2;1;9;0;2;4;0;0;5;41;11;23;0;5;42;46;1;18;1;0;0;g83;11;7;3 
310;Pz IVG;2;12;14;0;1;10;8;2;1;8;2;2;4;0;0;5;46;11;29;0;2;43;46;1;18;1;0;0;g22;11;7;3 
311;R2;2;5;6;0;1;8;8;2;1;4;0;2;5;0;0;5;50;9;14;0;7;37;46;1;18;1;0;0;g07;9;7;3 
312;R35;2;3;5;0;1;8;7;1;1;3;0;3;5;0;0;4;41;11;13;0;5;39;42;1;18;1;0;0;fr09;9;7;3 
313;Truck;7;0;0;0;0;1;0;0;0;1;0;1;1;0;2;8;55;4;4;0;9;36;46;1;18;49;0;0;g25;12;3;3 
314;Wagon;7;0;0;0;0;1;0;0;0;0;0;1;1;0;2;4;0;0;2;0;9;36;46;1;18;49;0;0;wagon;2;9;1 
315;Me-109e;10;1;1;14;1;8;10;0;2;5;0;2;1;1;5;16;0;7;40;0;1;44;46;0;18;1;0;0;gp03;18;11;4 
316;IAR 80;10;3;2;6;0;7;6;0;2;1;0;2;1;1;5;16;0;6;26;0;2;41;46;0;18;1;0;0;rup33;18;11;4 
317;P.24;10;1;1;5;1;7;5;0;2;3;0;2;1;1;5;16;0;6;24;0;2;40;46;0;18;1;0;0;pp35;18;11;4 
318;IAR 81;11;8;5;3;3;8;4;0;2;1;0;2;1;1;5;16;0;6;29;0;11;41;46;0;18;65;0;0;rup33;21;13;4 
319;Ju-52;13;0;0;0;0;5;4;0;2;0;0;1;1;1;5;16;0;4;12;0;11;41;46;0;18;193;1;0;gp46;18;15;4 
320;20mm;9;1;3;7;1;2;6;0;0;6;2;2;9;0;4;0;0;12;10;0;9;36;46;1;23;49;0;0;it12b;11;1;2 
321;40mm;9;9;12;10;1;2;6;0;0;4;2;2;8;0;4;0;0;10;16;0;11;39;46;1;23;49;0;0;it12b;11;1;2 
322;40mm;9;9;10;10;1;2;6;0;0;4;2;2;4;0;2;8;60;8;21;0;4;43;46;1;23;49;0;0;it14a;11;3;3 
323;17 Pdr;4;6;21;0;1;8;8;0;0;11;2;2;8;0;4;0;0;7;20;0;7;43;46;1;23;1;0;0;uk45;15;1;2 
324;2 Pdr;4;1;8;0;1;8;8;0;0;7;0;2;9;0;4;0;0;10;11;0;8;36;46;1;23;1;0;0;uk48;15;1;2 
325;6 Pdr;4;3;12;0;1;8;8;0;0;8;0;2;9;0;4;0;0;9;14;0;5;42;46;1;23;1;0;0;uk45;15;1;2 
326;Achilles;4;7;21;1;1;10;6;0;1;11;2;2;4;0;0;6;51;7;27;0;7;44;46;1;23;1;0;0;us21a;15;7;3 
327;Wolverine;4;7;15;1;1;10;6;0;1;10;2;2;4;0;0;6;48;8;23;0;9;43;46;1;23;1;0;0;us21a;15;7;3 
328;25 Pdr;8;13;5;0;1;2;6;0;0;1;3;1;2;0;4;0;0;9;17;0;4;40;46;1;23;1;0;0;uk49;15;1;2 
329;3 inch;8;12;4;0;0;2;6;0;0;0;3;1;2;0;4;0;0;9;15;0;1;38;46;1;23;1;0;0;uk49;15;1;2 
330;5.5 inch;8;17;8;0;1;2;6;0;0;1;4;1;2;0;4;0;0;7;23;0;5;42;46;1;23;1;0;0;uk49;15;1;2 
331;7.2 inch;8;19;11;0;6;2;6;0;0;1;4;1;2;0;4;0;0;6;27;0;6;43;46;1;23;1;0;0;uk06;15;1;2 
332;Bishop;8;13;5;1;1;9;8;1;1;7;3;1;3;0;0;3;40;5;25;0;8;42;46;1;23;1;0;0;uk19;15;7;3 
333;Sexton;8;16;5;1;1;9;8;1;1;7;4;1;4;0;0;4;40;4;28;0;6;44;46;1;23;1;0;0;us05a;15;7;3 
334;Strongpoint;6;4;2;2;2;10;8;3;1;5;0;2;8;0;4;0;0;10;15;0;1;38;46;0;23;129;1;0;bunkr;7;1;6 
335;Fortification;6;8;4;2;4;10;8;3;1;5;0;2;8;0;4;0;0;10;17;0;1;38;46;0;23;129;1;0;fort;4;1;6 
336;Australian;1;6;2;0;0;6;7;0;0;1;0;2;8;0;3;3;0;6;11;0;12;39;46;2;23;1;0;0;i46x3;2;1;1 
337;Canadian;1;6;2;0;0;6;7;0;0;1;0;2;8;0;3;3;0;6;11;0;12;39;46;2;23;1;0;0;i39x3;2;1;1 
338;Engineer;1;8;6;2;0;9;10;0;0;2;0;2;8;0;3;3;0;6;20;0;12;39;46;2;23;5;0;0;i44x3;3;1;1 
339;Commando;1;8;5;1;1;9;10;0;0;2;0;3;8;0;3;3;0;5;19;0;6;43;46;3;23;1;0;0;i44x3;2;1;1 
340;Bridging;1;6;4;2;0;7;8;0;0;2;0;2;8;0;3;3;0;6;14;0;1;38;46;2;23;9;0;0;i44x3;2;1;1 
341;Ghurka;1;8;2;0;0;8;7;0;0;3;0;3;10;0;11;3;0;6;16;0;12;39;46;2;23;1;0;0;i48x3;2;1;1 
342;Home Guard;1;4;2;0;0;4;6;0;0;0;0;2;6;0;3;2;0;6;8;0;12;39;46;1;23;1;0;0;i38x3;2;1;1 
343;Indian;1;6;2;0;0;6;7;0;0;1;0;2;8;0;3;3;0;6;11;0;12;39;46;2;23;1;0;0;i49x3;2;1;1 
344;New Zealand;1;6;2;0;0;6;7;0;0;1;0;2;8;0;3;3;0;6;11;0;12;39;46;2;23;1;0;0;i39x3;2;1;1 
345;Paratrooper;1;8;6;1;0;9;8;0;0;0;0;2;8;0;3;3;0;7;17;0;12;39;46;3;23;1;0;0;i42x3;3;1;1 
346;Regular;1;6;2;0;0;6;7;0;0;1;0;2;8;0;3;3;0;6;11;0;1;38;46;2;23;1;0;0;i39x3;2;1;1 
347;Royal Marine;1;6;2;1;0;7;8;0;0;1;0;2;8;0;3;3;0;6;14;0;12;39;46;2;23;1;0;0;i44x3;3;1;1 
348;AEC I;3;2;8;0;1;10;7;2;1;7;0;4;6;0;8;7;65;8;20;0;10;42;46;1;23;1;0;0;uk22;12;3;3 
349;AEC II;3;2;13;0;1;10;7;2;1;8;0;4;6;0;8;7;65;7;23;0;6;43;46;1;23;1;0;0;uk22;12;3;3 
350;AEC III;3;11;12;0;1;10;7;2;1;9;0;4;6;0;8;7;65;6;24;0;5;44;46;1;23;1;0;0;uk22;12;3;3 
351;Daimler;3;5;9;1;1;6;7;1;1;7;0;4;6;0;8;8;65;8;17;0;7;42;46;1;23;1;0;0;uk46;12;3;3 
352;Humber II;3;3;1;0;1;6;7;2;1;3;0;4;6;0;8;8;65;10;13;0;11;41;46;1;23;1;0;0;uk51;12;3;3 
353;Humber IV;3;2;5;0;1;6;7;2;1;3;0;4;6;0;8;8;65;10;13;0;8;43;46;1;23;1;0;0;uk47;12;3;3 
354;Daimler SC;3;2;1;0;1;8;4;2;1;3;0;4;6;0;8;7;65;10;12;0;5;40;46;1;23;1;0;0;uk51;12;3;3 
355;Staghound I;3;5;8;1;1;10;7;2;1;3;0;4;6;0;8;8;65;10;19;0;1;44;46;1;23;1;0;0;uk34;12;3;3 
356;King George V Class;16;12;8;10;20;12;10;0;3;13;6;2;1;0;6;4;0;20;41;0;11;40;46;0;23;193;1;0;ukn10;28;16;5 
357;Renown Class;19;9;5;8;16;10;9;0;3;11;6;2;1;0;6;4;0;20;35;0;9;16;46;0;23;193;1;0;ukn21;28;16;5 
358;County Class;20;7;4;6;12;9;8;0;3;10;5;2;1;0;6;5;0;20;29;0;1;39;46;0;23;193;1;0;ukn02;29;16;5 
359;Leander Class;21;6;3;4;8;7;6;0;3;9;4;2;1;0;6;4;0;20;23;0;3;33;46;0;23;193;1;0;ukn07;29;16;5 
360;Illustrious Class;17;1;1;6;2;5;6;0;3;10;0;1;1;0;6;4;100;20;48;0;5;40;46;0;23;241;1;0;ukn23;29;16;5 
361;Tribal Class;15;6;3;3;16;3;4;3;3;13;3;2;1;0;6;5;0;20;16;0;6;38;46;0;23;193;1;0;ukn03;29;16;5 
362;Centurion;2;13;23;0;1;15;10;2;1;11;2;2;4;0;0;5;47;7;42;0;5;45;46;1;23;1;0;0;uk99;11;7;3 
363;Challenger;2;11;21;0;1;10;8;2;1;11;2;2;3;0;0;5;47;7;32;0;6;44;46;1;23;1;0;0;uk21;11;7;3 
364;Churchill III;2;5;10;0;1;12;9;4;1;8;0;2;3;0;0;4;40;11;22;0;8;42;46;1;23;1;0;0;uk10;11;7;3 
365;Churchill IV;2;7;12;0;1;14;11;4;1;8;0;2;3;0;0;3;40;10;27;0;10;42;46;1;23;1;0;0;uk10;11;7;3 
366;Comet;2;12;16;0;1;12;11;2;1;10;2;2;4;0;0;6;45;9;29;0;10;44;46;1;23;1;0;0;uk23;11;7;3 
367;Cromwell IV;2;12;12;0;1;11;7;2;1;9;0;2;4;0;0;6;53;8;24;0;6;44;46;1;23;1;0;0;uk20;11;7;3 
368;Cromwell VII;2;12;12;0;1;13;8;2;1;9;0;2;4;0;0;6;53;9;27;0;6;44;46;1;23;1;0;0;uk20;11;7;3 
369;Cruiser A13;2;3;8;0;1;6;7;2;1;7;0;2;4;0;0;6;43;12;13;0;11;39;46;1;23;1;0;0;uk39;11;7;3 
370;Crusader I;2;3;8;0;1;9;7;2;1;7;0;2;5;0;0;5;41;14;15;0;6;41;46;1;23;1;0;0;uk30;11;7;3 
371;Crusader II;2;3;8;0;1;10;8;2;1;7;0;2;5;0;0;5;41;14;16;0;11;41;46;1;23;1;0;0;uk30;11;7;3 
372;Crusader III;2;1;13;0;1;10;8;2;1;8;0;2;5;0;0;5;41;8;20;0;6;42;46;1;23;1;0;0;uk30;11;7;3 
373;Grant;2;10;9;0;1;11;8;3;1;7;0;2;3;0;0;5;45;14;20;0;5;42;46;1;23;1;0;0;uk07;11;7;3 
374;Stuart I;2;3;9;1;1;9;8;2;1;7;0;3;4;0;0;6;35;12;17;0;11;42;46;1;23;1;0;0;uk11;11;7;3 
375;Sherman III;2;12;12;1;1;12;9;3;1;9;0;2;3;0;0;5;45;11;24;0;10;42;46;1;23;1;0;0;uk16;11;7;3 
376;Stuart III;2;5;9;1;1;14;9;2;1;7;0;3;5;0;0;7;41;14;21;0;12;42;46;1;23;1;0;0;uk11;11;7;3 
377;Matilda II;2;2;8;0;1;14;9;2;1;7;0;2;4;0;0;3;51;12;22;0;2;40;46;1;23;1;0;0;uk04;11;7;3 
378;Firefly;2;11;21;0;1;12;9;2;1;11;2;2;3;0;0;5;45;8;32;0;6;44;46;1;23;1;0;0;uk13;11;7;3 
379;Valentine V;2;3;8;0;1;14;9;2;1;7;0;2;5;0;0;3;51;10;22;0;11;42;46;1;23;1;0;0;uk25;11;7;3 
380;Valentine XI;2;12;13;0;1;14;9;2;1;9;0;2;5;0;0;4;51;10;30;0;10;44;46;1;23;1;0;0;uk25;11;7;3 
381;Vickers;2;2;1;0;1;6;5;2;1;4;0;2;5;0;0;4;51;10;9;0;2;37;46;1;23;1;0;0;uk36;9;7;3 
382;Truck;7;0;0;0;0;1;0;0;1;0;0;1;1;0;2;8;69;4;4;0;1;36;46;1;23;49;0;0;uk24;12;3;3 
383;Bren Carrier;7;2;1;0;0;7;0;0;1;0;0;1;3;0;1;8;60;4;12;0;1;39;46;1;23;49;0;0;uk14;9;5;3 
384;Sea Transport;18;0;0;0;0;4;8;0;3;1;0;2;2;0;6;5;0;0;14;0;1;40;46;0;4;129;1;0;stran;6;16;5 
385;Hurricane;10;2;1;10;1;8;10;0;2;4;0;2;1;1;5;16;0;6;35;0;1;37;46;0;23;1;0;0;ukp05;18;11;4 
386;M3A1;7;2;1;6;1;7;1;1;1;2;0;1;3;0;0;8;45;10;12;0;12;41;46;1;20;177;1;0;us51;9;5;3 
387;Spitfire I;10;2;1;12;1;8;10;0;2;5;0;2;1;1;5;16;0;6;38;0;6;38;46;0;23;1;0;0;ukp14;18;11;4 
388;Spitfire IX;10;2;2;16;1;9;14;0;2;6;0;2;1;1;5;16;0;4;49;0;7;42;46;0;23;1;0;0;ukp14;18;11;4 
389;Spitfire V;10;2;2;14;1;8;12;0;2;5;0;2;1;1;5;16;0;3;43;0;6;41;46;0;23;1;0;0;ukp14;18;11;4 
390;Spitfire XII;10;2;2;18;1;9;16;0;2;6;0;2;1;1;5;16;0;4;54;0;1;43;46;0;23;1;0;0;ukp14;18;11;4 
391;Spitfire XIV;10;2;2;21;1;9;18;0;2;7;0;2;1;1;5;16;0;4;60;0;11;44;46;0;23;1;0;0;ukp14;18;11;4 
392;Beaufighter;11;8;8;5;9;11;10;0;2;3;0;2;1;1;5;16;0;5;41;0;8;41;46;0;23;65;0;0;ukp25;21;15;4 
393;Hurricane II;11;5;6;5;3;9;8;0;2;4;0;2;1;1;5;16;0;4;33;0;3;42;46;0;23;65;0;0;ukp05;21;13;4 
394;Hurricane IV;11;7;9;5;5;9;10;0;2;4;0;2;1;1;5;16;0;4;39;0;10;43;46;0;23;65;0;0;ukp05;21;13;4 
395;Mosquito VI;11;8;7;5;8;13;14;0;2;5;0;2;1;1;5;16;0;5;47;0;3;41;46;0;23;65;0;0;ukp15;21;14;4 
396;Tempest;11;6;8;14;2;10;15;0;2;6;0;2;1;1;5;16;0;4;52;0;4;44;46;0;23;65;0;0;ukp13;21;13;4 
397;Typhoon;11;5;6;10;2;10;12;0;2;5;0;2;1;1;5;16;0;4;43;0;11;42;46;0;23;65;0;0;ukp37;20;13;4 
398;C-47;13;0;0;0;0;5;8;0;2;0;0;1;1;1;5;16;0;1;16;0;1;41;46;0;23;193;1;0;usp47;18;15;4 
399;3 inch;9;8;14;9;1;2;6;0;0;6;2;3;7;0;4;0;0;8;20;0;2;39;46;1;10;49;0;0;r47a;11;1;2 
400;90mm;9;13;18;10;1;2;6;0;0;6;3;3;6;0;4;0;0;8;25;0;6;44;46;1;10;49;0;0;r47a;11;1;2 
401;M15A1;9;3;7;11;1;4;9;0;1;6;2;2;4;0;1;7;57;6;17;0;11;42;46;1;10;49;0;0;us66;11;5;3 
402;M16;9;7;1;12;0;4;9;0;1;4;1;2;4;0;1;7;57;6;19;0;3;44;46;1;10;49;0;0;us55;9;5;3 
403;76mm;4;11;15;0;1;8;8;0;0;10;2;2;8;0;4;0;0;7;16;0;4;44;46;1;10;1;0;0;us25;15;1;2 
404;37mm;4;4;8;0;1;8;8;0;0;7;0;2;9;0;4;0;0;10;12;0;7;38;46;1;10;1;0;0;uk45a;15;1;2 
405;57mm;4;3;12;0;1;8;8;0;0;8;0;2;9;0;4;0;0;9;14;0;10;42;46;1;10;1;0;0;uk45a;15;1;2 
406;M10;4;11;15;1;1;10;6;0;1;10;2;2;4;0;0;6;57;7;22;0;3;43;46;1;10;1;0;0;us21;15;7;3 
407;M18;4;11;15;1;1;7;6;0;1;10;2;2;5;0;0;8;42;6;22;0;8;44;46;1;10;1;0;0;us43;15;7;3 
408;M3;4;5;9;1;1;6;6;0;1;6;0;2;5;0;1;7;57;7;14;0;7;38;46;1;10;1;0;0;us65;15;5;3 
409;M36;4;13;19;1;2;10;6;0;1;11;2;2;4;0;0;6;41;7;27;0;8;44;46;1;10;1;0;0;us24;15;7;3 
410;105mm;8;16;6;0;0;2;6;0;0;0;4;1;2;0;4;0;0;8;20;0;8;42;46;1;10;1;0;0;us10;15;1;2 
411;155mm;8;20;11;0;1;2;6;0;0;0;4;1;2;0;4;0;0;7;27;0;1;38;46;1;10;1;0;0;us10;15;1;2 
412;75mm;8;12;4;0;0;2;6;0;0;0;3;1;2;0;4;0;0;9;15;0;1;38;46;1;10;1;0;0;us08;16;1;2 
413;8 inch;8;21;13;0;6;2;6;0;0;0;5;1;2;0;4;0;0;6;31;0;1;44;46;1;10;1;0;0;us68;15;1;2 
414;M12;8;19;11;0;1;7;6;0;1;5;4;1;3;0;0;5;48;4;32;0;6;44;46;1;10;1;0;0;us27;15;7;3 
415;M4A3/105;2;15;9;2;2;12;9;4;1;7;2;2;3;0;0;5;46;12;29;0;7;44;46;1;10;1;0;0;us14;11;7;3 
416;M7;8;15;6;2;0;7;6;0;1;4;4;1;3;0;0;5;52;7;26;0;11;42;46;1;10;1;0;0;us05;15;7;3 
417;M8;8;11;4;2;0;7;6;1;1;3;3;1;4;0;0;7;46;7;19;0;9;43;46;1;10;1;0;0;us29;15;7;3 
418;T19;8;21;13;0;6;2;6;0;1;0;4;1;3;0;0;4;40;6;36;0;4;45;46;1;10;1;0;0;us64;15;7;3 
419;Strongpoint;6;4;2;2;2;10;8;3;1;5;0;2;8;0;4;0;0;10;15;0;1;38;46;0;10;129;1;0;bunkr;7;1;6 
420;Fortification;6;8;4;2;4;10;8;3;1;5;0;2;8;0;4;0;0;10;17;0;1;38;46;0;10;129;1;0;fort;4;1;6 
421;Engineer;1;7;6;0;1;8;9;0;0;1;0;2;8;0;3;3;0;6;19;0;12;41;46;2;10;5;0;0;i51x3;3;1;1 
422;Bridging;1;6;4;0;1;6;9;0;0;1;0;2;8;0;3;3;0;6;14;0;1;38;46;2;10;9;0;0;i51x3;2;1;1 
423;Marine;1;6;4;0;1;7;9;0;0;1;0;2;8;0;3;3;0;6;15;0;12;41;46;2;10;1;0;0;i54x3;2;1;1 
424;National;1;4;2;0;1;5;7;0;0;0;0;2;6;0;3;2;0;6;9;0;1;38;46;1;10;1;0;0;i50x3;2;1;1 
425;Paratrooper;1;7;3;0;1;8;9;0;0;1;0;2;8;0;3;3;0;6;16;0;12;41;46;3;10;1;0;0;i52x3;3;1;1 
426;Ranger;1;8;6;0;1;8;9;0;0;1;0;3;8;0;3;3;0;6;18;0;12;41;46;3;10;1;0;0;i52x3;3;1;1 
427;Regular;1;6;4;0;1;6;9;0;0;1;0;2;8;0;3;3;0;6;12;0;1;38;46;2;10;1;0;0;i50x3;2;1;1 
428;M20;3;3;3;2;1;7;6;1;1;7;0;4;6;0;8;6;81;9;13;0;1;42;46;1;10;1;0;0;us20;12;3;3 
429;M24;3;11;12;2;1;10;8;3;1;9;0;4;6;0;0;7;41;7;25;0;12;44;46;1;10;1;0;0;us34;12;3;3 
430;M8;3;3;9;2;1;7;6;1;1;7;0;4;6;0;8;8;81;9;16;0;1;42;46;1;10;1;0;0;us19;12;3;3 
431;Scout Car;3;2;1;1;0;5;5;0;1;3;0;4;4;0;2;8;80;6;9;0;1;40;46;1;10;1;0;0;us59;12;3;3 
432;Iowa Class;16;13;9;11;21;12;11;0;3;13;6;2;1;0;6;4;0;20;43;0;2;43;46;0;10;193;1;0;usn30;28;16;5 
433;Baltimore Class;20;8;5;9;14;7;10;0;3;12;5;2;1;0;6;5;0;20;32;0;4;43;46;0;10;193;1;0;usn04;29;16;5 
434;Brooklyn Class;21;5;2;6;9;5;7;0;3;12;4;2;1;0;6;5;0;20;23;0;7;38;46;0;10;193;1;0;usn14;29;16;5 
435;Essex Class;17;1;1;7;8;6;7;0;3;12;0;1;1;0;6;5;100;20;55;0;12;42;46;0;10;241;1;0;usn01;29;16;5 
436;Yorktown Class;17;1;1;6;6;5;6;0;3;12;0;1;1;0;6;5;100;20;49;0;1;38;46;0;10;241;1;0;usn01;29;16;5 
437;Fletcher Class;15;3;2;3;13;4;5;3;3;13;3;2;1;0;6;5;0;20;15;0;1;43;46;0;10;193;1;0;usn17;29;16;5 
438;M2A4;2;5;9;1;1;9;8;2;1;7;0;3;4;0;0;7;35;12;17;0;4;40;46;1;10;1;0;0;us04;11;7;3 
439;M3A1;2;5;9;1;1;9;8;2;1;7;0;3;5;0;0;7;35;14;18;0;9;42;46;1;10;1;0;0;us04;11;7;3 
440;M5A1;2;5;9;1;1;10;8;3;1;7;0;3;5;0;0;7;41;14;19;0;12;42;46;1;10;1;0;0;us28;11;7;3 
441;M26;2;15;19;2;1;19;11;3;1;11;2;2;4;0;0;5;41;10;41;0;3;45;46;1;10;1;0;0;us32;11;7;3 
442;M29;2;16;22;1;1;21;12;3;1;11;2;2;3;0;0;4;41;10;47;0;6;45;46;1;10;1;0;0;us32;11;7;3 
443;M4A1;2;12;12;2;1;12;9;3;1;9;0;2;3;0;0;5;45;12;23;0;12;42;46;1;10;1;0;0;us15;11;7;3 
444;M4A1/76;2;13;15;2;1;12;9;3;1;10;2;2;3;0;0;5;41;11;27;0;7;44;46;1;10;1;0;0;us23;11;7;3 
445;M4A3;2;13;12;2;1;11;9;3;1;9;0;2;3;0;0;6;46;13;23;0;7;43;46;1;10;1;0;0;us15;11;7;3 
446;M4A3E2;2;13;12;2;1;18;10;3;1;9;0;2;3;0;0;5;41;14;33;0;9;44;46;1;10;1;0;0;us22;11;7;3 
447;M4A3E8/76;2;13;15;2;1;15;9;3;1;10;2;2;3;0;0;6;41;14;28;0;9;44;46;1;10;1;0;0;us22;11;7;3 
448;Avia B.534;10;1;1;12;1;8;10;0;2;4;0;2;1;1;5;16;0;7;38;0;6;37;40;0;4;1;0;0;pp35;18;11;4 
449;Truck;7;0;0;0;0;1;0;0;1;0;0;1;1;0;2;8;75;4;4;0;1;39;46;1;10;49;0;0;us07;12;3;3 
450;M3A1;7;2;1;6;1;7;1;1;1;2;0;1;3;0;0;8;45;10;12;0;12;41;46;1;10;49;0;0;us51;9;5;3 
451;Sea Transport;18;0;0;0;0;4;8;0;3;1;0;2;2;0;6;5;0;0;14;0;1;40;46;0;6;129;1;0;stran;6;16;5 
452;P-38E;10;2;2;14;3;10;14;0;2;4;0;2;1;1;5;16;0;7;47;0;1;42;46;0;10;1;0;0;usp29;18;11;4 
453;P-38F;10;3;2;15;3;10;14;0;2;4;0;2;1;1;5;16;0;7;48;0;6;42;46;0;10;1;0;0;usp29;18;11;4 
454;P-38J;10;3;2;16;3;10;14;0;2;5;0;2;1;1;5;16;0;7;50;0;1;43;46;0;10;1;0;0;usp29;18;11;4 
455;P-38L;10;4;2;18;3;10;14;0;2;5;0;2;1;1;5;16;0;7;53;0;10;43;46;0;10;1;0;0;usp29;18;11;4 
456;P-40F;10;2;2;11;0;8;11;0;2;5;0;2;1;1;5;16;0;7;38;0;12;41;46;0;10;1;0;0;usp26;18;11;4 
457;P-47C;10;3;2;15;2;11;14;0;2;5;0;2;1;1;5;16;0;4;49;0;1;43;46;0;10;1;0;0;usp40;18;11;4 
458;P-47D;10;3;2;16;2;11;15;0;2;5;0;2;1;1;5;16;0;4;52;0;9;43;46;0;10;1;0;0;usp40;18;11;4 
459;P-47N;10;4;3;19;3;11;16;0;2;5;0;2;1;1;5;16;0;5;57;0;5;45;46;0;10;1;0;0;usp28;18;11;4 
460;P-51B;10;1;1;18;0;10;15;0;2;6;0;2;1;1;5;16;0;9;53;0;6;43;46;0;10;1;0;0;usp27;18;11;4 
461;P-51D;10;2;2;19;0;10;17;0;2;6;0;2;1;1;5;16;0;11;57;0;1;44;46;0;10;1;0;0;usp27;18;11;4 
462;P-51H;10;2;2;22;0;10;18;0;2;6;0;2;1;1;5;16;0;11;62;0;1;45;46;0;10;1;0;0;usp27;18;11;4 
463;P-80;10;2;1;24;0;11;19;0;2;7;0;2;1;1;5;16;0;13;67;0;6;45;46;0;10;1;0;0;usp18;19;12;4 
464;A-20;11;12;14;10;5;12;10;0;2;3;0;2;1;1;5;16;0;5;54;0;6;41;46;0;10;65;0;0;usp44;21;15;4 
465;A-26B;11;14;15;12;5;14;14;0;2;5;0;2;1;1;5;16;0;7;64;0;1;44;46;0;10;65;0;0;usp44;21;15;4 
466;B-25D;11;7;7;8;10;13;10;0;2;3;0;2;1;1;5;16;0;5;44;0;2;42;46;0;10;65;0;0;usp42;21;15;4 
467;B-25H;11;17;14;8;10;13;10;0;2;3;0;2;1;1;5;16;0;5;59;0;2;44;46;0;10;65;0;0;usp42;21;15;4 
468;B-25J;11;11;7;10;10;14;12;0;2;3;0;2;1;1;5;16;0;7;51;0;4;44;46;0;10;65;0;0;usp42;21;15;4 
469;B-26B;11;14;10;10;5;12;9;0;2;4;0;2;1;1;5;16;0;5;52;0;5;42;46;0;10;65;0;0;usp43;21;15;4 
470;B-26C;11;14;10;11;5;12;10;0;2;4;0;2;1;1;5;16;0;5;53;0;1;43;46;0;10;65;0;0;usp43;21;15;4 
471;B-26G;11;16;14;12;5;13;13;0;2;4;0;2;1;1;5;16;0;7;63;0;1;44;46;0;10;65;0;0;usp43;21;15;4 
472;C-47;13;0;0;0;0;5;8;0;2;0;0;1;1;1;5;16;0;1;16;0;1;41;46;0;10;193;1;0;usp47;18;15;4 
473;25mm;9;2;5;7;1;2;6;0;0;5;2;2;4;0;2;7;60;6;13;0;11;40;46;1;20;49;0;0;r44;11;3;3 
474;37mm;9;4;7;7;1;2;6;0;0;4;2;2;8;0;4;0;0;12;10;0;9;39;46;1;20;49;0;0;r47;11;1;2 
475;76.2mm;9;8;14;9;1;2;6;0;0;6;2;3;7;0;4;0;0;7;18;0;8;38;46;1;20;49;0;0;r47;11;1;2 
476;45mm;4;4;8;0;1;8;8;0;0;6;0;2;9;0;4;0;0;10;11;0;8;33;46;1;20;1;0;0;uk45b;15;1;2 
477;7.62cm;4;11;14;0;1;8;8;0;0;9;0;2;8;0;4;0;0;7;17;0;9;38;46;1;20;1;0;0;r13b;15;1;2 
478;ISU-122;4;15;21;0;1;17;14;0;1;10;2;2;3;0;0;4;47;5;35;0;3;44;46;1;20;1;0;0;r35a;15;7;3 
479;ISU-152;4;17;19;0;1;17;14;0;1;8;2;2;3;0;0;4;47;3;36;0;3;44;46;1;20;1;0;0;r35b;15;7;3 
480;SU-100;4;7;21;0;1;14;10;0;1;11;2;2;4;0;0;6;57;5;32;0;11;44;46;1;20;1;0;0;r08;15;7;3 
481;SU-152;4;18;19;0;1;14;13;0;1;8;2;2;3;0;0;4;57;3;35;0;8;43;46;1;20;1;0;0;r28;15;7;3 
482;SU-76;4;11;11;0;1;10;6;0;1;8;0;2;5;0;0;4;58;6;21;0;4;43;46;1;20;1;0;0;r21;15;7;3 
483;SU-85;4;12;15;0;1;14;10;0;1;9;2;2;4;0;0;6;55;6;28;0;9;43;46;1;20;1;0;0;r08;15;7;3 
484;12.2cm;8;17;8;0;1;2;6;0;0;0;4;1;2;0;4;0;0;8;22;0;9;39;46;1;20;1;0;0;r19;15;1;2 
485;15.2cm;8;19;11;0;1;2;6;0;0;0;4;1;2;0;4;0;0;6;26;0;9;39;46;1;20;1;0;0;r19;15;1;2 
486;7.6cm;8;12;4;0;0;2;6;0;0;0;3;1;2;0;4;0;0;9;15;0;1;38;46;1;20;1;0;0;r13a;16;1;2 
487;Engineer;1;8;5;1;1;8;8;0;0;2;0;2;8;0;3;3;0;7;19;0;1;38;46;2;4;5;0;0;i10x3;3;1;1 
488;47mm;4;4;8;0;1;8;8;0;0;7;0;2;9;0;4;0;0;9;12;0;1;38;46;1;4;1;0;0;g120;15;10;2 
489;K-13;8;5;5;0;0;2;0;0;0;0;3;1;2;0;2;5;60;4;11;0;1;42;46;1;20;1;0;0;r30;17;3;3 
490;K-31;8;8;7;0;0;2;0;0;0;0;4;1;2;0;2;5;60;4;17;0;3;43;46;1;20;1;0;0;r30;17;3;3 
491;SU-122;4;17;9;0;1;14;10;0;1;4;2;1;4;0;0;6;54;4;25;0;2;43;46;1;20;1;0;0;r08;15;7;3 
492;40mm;9;9;12;10;1;2;6;0;0;4;2;2;8;0;4;0;0;10;16;0;11;39;46;1;4;49;0;0;it12a;11;1;2 
493;Wagon;7;0;0;0;0;1;0;0;0;0;0;1;1;0;2;4;0;0;2;0;9;36;46;1;4;49;0;0;wagon;2;9;1 
494;Strongpoint;6;4;2;2;2;10;8;3;1;5;0;2;8;0;4;0;0;10;15;0;1;38;46;0;20;129;1;0;bunkr;7;1;6 
495;Fortification;6;8;4;2;4;10;8;3;1;5;0;2;8;0;4;0;0;10;17;0;1;38;46;0;20;129;1;0;fort;4;1;6 
496;Cavalry;1;5;2;0;1;6;6;0;0;1;0;3;6;0;3;5;0;6;11;0;1;38;46;1;20;1;0;0;i29x3;2;2;1 
497;Engineer;1;7;6;1;0;7;8;0;0;1;0;2;8;0;3;3;0;6;18;0;9;39;46;2;20;5;0;0;i36x3;3;1;1 
498;Conscript;1;5;1;0;1;6;6;0;0;0;0;2;6;0;3;2;0;5;8;0;1;38;46;2;20;1;0;0;i30x3;2;1;1 
499;Bridging;1;5;5;1;1;7;7;0;0;1;0;2;8;0;3;3;0;6;14;0;1;38;46;2;20;9;0;0;i30x3;2;1;1 
500;Guard Cavalry;1;7;5;0;0;6;7;0;0;1;0;3;8;0;3;5;0;6;15;0;9;42;46;1;20;1;0;0;i29x3;2;2;1 
501;Guards;1;8;6;0;0;7;7;0;0;1;0;2;8;0;3;3;0;7;15;0;9;42;46;2;20;1;0;0;i35x3;3;1;1 
502;Naval Brigade;1;4;1;0;0;5;5;0;0;1;0;2;8;0;3;3;0;5;9;0;9;39;46;2;20;1;0;0;i37x3;2;1;1 
503;Paratrooper;1;7;2;1;1;6;8;0;0;1;0;2;8;0;3;3;0;7;14;0;9;39;46;3;20;1;0;0;i36x3;3;1;1 
504;Regular;1;5;2;0;1;7;7;0;0;1;0;2;8;0;3;3;0;6;10;0;1;38;46;2;20;1;0;0;i30x3;2;1;1 
505;BA-10;3;1;7;1;1;6;6;1;1;5;0;4;6;0;8;7;55;7;13;0;1;32;46;1;20;1;0;0;r45;12;3;3 
506;BA-64;3;2;1;1;1;7;6;1;1;2;0;4;6;0;8;8;85;10;12;0;1;43;46;1;20;1;0;0;r14;12;3;3 
507;Sovetskiy Soyuz Class;16;9;5;7;14;12;8;0;3;11;6;2;1;0;6;4;0;20;44;0;10;42;46;0;20;193;1;0;frn07;28;16;5 
508;Kirov Class;20;6;4;8;12;7;6;0;3;10;5;2;1;0;6;4;0;20;28;0;9;38;46;0;20;193;1;0;frn06;29;16;5 
509;Leningrad Class;21;4;3;4;8;5;4;0;3;9;4;2;1;0;6;4;0;20;20;0;1;38;46;0;20;193;1;0;ukn23;29;16;5 
510;Storozhevoi Class;15;5;3;4;15;3;3;3;3;11;3;2;1;0;6;5;0;20;15;0;1;42;46;0;20;193;1;0;frn04;29;16;5 
511;BT-5;2;4;6;0;1;6;6;1;1;6;0;2;4;0;0;8;55;11;11;0;4;34;46;1;20;1;0;0;r27;11;7;3 
512;BT-7;2;5;6;0;1;9;8;1;1;6;0;2;4;0;0;8;75;10;13;0;6;35;46;1;20;1;0;0;r33;11;7;3 
513;IS-2;2;16;21;0;3;18;14;2;1;10;2;2;4;0;0;5;49;4;41;0;4;44;46;1;20;1;0;0;r05;11;7;3 
514;IS-3;2;17;21;1;3;20;14;2;1;10;2;2;4;0;0;5;49;4;47;0;4;45;46;1;20;1;0;0;r11;11;7;3 
515;KV-1/39;2;12;11;0;1;14;14;2;1;7;0;2;3;0;0;5;38;13;29;0;9;39;46;1;20;1;0;0;r03a;11;7;3 
516;KV-1/41;2;12;12;0;1;15;13;2;1;8;0;2;3;0;0;5;45;13;29;0;7;41;46;1;20;1;0;0;r03a;11;7;3 
517;KV-1/42;2;12;12;0;1;17;14;2;1;8;0;2;3;0;0;4;45;13;32;0;6;42;46;1;20;1;0;0;r03a;11;7;3 
518;KV-2;2;19;13;0;1;14;14;2;1;5;0;2;2;0;0;3;33;3;35;0;10;40;46;1;20;1;0;0;r04;11;7;3 
519;KV-85;2;14;17;0;1;14;12;2;1;9;2;2;3;0;0;5;50;9;33;0;10;43;46;1;20;1;0;0;r07;11;7;3 
520;T-26S;2;4;7;0;1;8;6;3;1;6;0;2;3;0;0;4;45;14;13;0;1;33;46;1;20;1;0;0;r25;11;7;3 
521;T-34/40;2;12;11;0;1;13;9;2;1;7;0;2;4;0;0;6;55;9;23;0;1;41;46;1;20;1;0;0;r01;11;7;3 
522;T-34/41;2;12;12;0;1;14;9;2;1;8;0;2;4;0;0;6;55;9;24;0;10;41;46;1;20;1;0;0;r01;11;7;3 
523;T-43;2;12;12;0;1;16;11;3;1;8;0;2;4;0;0;5;55;10;25;0;4;42;46;1;20;1;0;0;r01;11;7;3 
524;T-34/43;2;12;12;0;1;15;10;2;1;8;0;2;4;0;0;6;54;10;30;0;10;42;46;1;20;1;0;0;r18a;11;7;3 
525;T-34/85;2;14;17;0;1;15;10;2;1;9;2;2;4;0;0;6;55;8;31;0;4;44;46;1;20;1;0;0;r02;11;7;3 
526;T-60;2;3;3;0;1;12;8;1;1;6;0;3;5;0;0;5;87;25;16;0;8;41;46;1;20;1;0;0;r20;11;7;3 
527;T-70;2;4;6;0;1;10;7;2;1;6;0;3;5;0;0;6;70;8;15;0;10;41;46;1;20;1;0;0;r20;11;7;3 
528;Truck;7;0;0;0;0;2;0;0;0;0;0;1;1;0;2;8;60;4;4;0;9;38;46;1;20;49;0;0;r43;12;3;3 
529;Wagon;7;0;0;0;0;1;0;0;0;0;0;1;1;0;2;4;0;0;2;0;9;36;46;1;20;49;0;0;wagon;2;9;1 
530;YaK-1;10;1;1;10;1;8;12;0;2;4;0;2;1;1;5;16;0;7;38;0;1;42;46;0;20;1;0;0;rp17;18;11;4 
531;YaK-9;10;1;1;13;1;8;14;0;2;6;0;2;1;1;5;16;0;7;44;0;8;42;46;0;20;1;0;0;rp17;18;11;4 
532;La-5;10;2;2;10;1;8;12;0;2;5;0;2;1;1;5;16;0;12;38;0;3;42;46;0;20;1;0;0;rp10;18;11;4 
533;La-7;10;2;2;16;1;9;14;0;2;6;0;2;1;1;5;16;0;6;49;0;7;44;46;0;20;1;0;0;rp11;18;11;4 
534;La-9;10;3;2;20;1;9;16;0;2;7;0;2;1;1;5;16;0;6;57;0;5;45;46;0;20;1;0;0;rp11;18;11;4 
535;LaGG-3;10;2;1;10;1;7;8;0;2;4;0;2;1;1;5;16;0;7;32;0;4;41;46;0;20;1;0;0;rp09;18;11;4 
536;MiG-1;10;1;1;10;1;8;10;0;2;4;0;2;1;1;5;16;0;8;35;0;11;40;46;0;20;1;0;0;rp12;18;11;4 
537;MiG-3;10;1;1;10;1;8;12;0;2;4;0;2;1;1;5;16;0;8;38;0;10;41;46;0;20;1;0;0;rp12;18;11;4 
538;I-16;10;1;1;8;1;7;7;0;2;3;0;2;1;1;5;16;0;6;29;0;1;38;46;0;20;1;0;0;rp02;18;11;4 
539;YaK-7;10;1;1;11;1;8;13;0;2;5;0;2;1;1;5;16;0;8;40;0;6;42;46;0;20;1;0;0;rp17;18;11;4 
540;P-39D;11;6;8;11;1;12;7;0;2;4;0;2;1;1;5;16;0;7;43;0;6;41;46;0;20;65;0;0;usp41;21;13;4 
541;Il-10;11;8;10;13;2;16;15;0;2;5;0;2;1;1;5;16;0;5;59;0;1;45;46;0;20;65;0;0;rp24;21;15;4 
542;Il-2;11;6;8;6;2;14;10;0;2;3;0;2;1;1;5;16;0;4;44;0;7;41;46;0;20;65;0;0;rp24;21;15;4 
543;Il-2M3;11;9;10;6;2;15;12;0;2;4;0;2;1;1;5;16;0;5;50;0;3;42;46;0;20;65;0;0;rp24;21;15;4 
544;C-47;13;0;0;0;0;5;8;0;2;0;0;1;1;1;5;16;0;1;16;0;9;39;46;0;20;193;1;0;usp47;18;15;4 
545;Sea Transport;18;0;0;0;0;4;8;0;3;1;0;2;2;0;6;5;0;0;14;0;1;40;46;0;7;129;1;0;stran;6;16;5 
546;Sea Transport;18;0;0;0;0;4;8;0;3;1;0;2;2;0;6;5;0;0;14;0;1;40;46;0;8;129;1;0;stran;6;16;5 
547;Sea Transport;18;0;0;0;0;4;8;0;3;1;0;2;2;0;6;5;0;0;14;0;1;40;46;0;13;129;1;0;stran;6;16;5 
548;Sea Transport;18;0;0;0;0;4;8;0;3;1;0;2;2;0;6;5;0;0;14;0;1;40;46;0;23;129;1;0;stran;6;16;5 
549;Sea Transport;18;0;0;0;0;4;8;0;3;1;0;2;2;0;6;5;0;0;14;0;1;40;46;0;10;129;1;0;stran;6;16;5 
550;Sea Transport;18;0;0;0;0;4;8;0;3;1;0;2;2;0;6;5;0;0;14;0;1;40;46;0;20;129;1;0;stran;6;16;5 
551;MK VI;2;3;2;0;0;4;4;1;1;3;0;3;5;0;0;6;50;10;8;0;7;37;46;1;23;1;0;0;uk36;9;7;3 
552;Soldati Class;15;4;2;4;14;4;4;3;3;10;3;2;1;0;6;6;0;20;15;0;12;37;46;0;13;193;1;0;frn04;29;16;5 
553;Pz IVC;2;9;4;0;1;7;6;2;1;4;0;2;4;0;0;5;46;11;15;0;1;39;46;1;8;1;0;0;g05;11;7;3 
554;Aquila Class;17;1;1;6;2;5;6;0;3;10;0;1;1;0;6;5;100;20;48;0;5;40;46;0;13;241;1;0;ukn23;29;16;5 
555;Bf-109b;10;1;1;14;1;8;10;0;2;5;0;2;1;1;5;16;0;7;40;0;6;37;40;0;8;1;0;0;gp03;18;11;4 
556;20mm FlaK;9;3;2;7;1;2;6;0;0;5;2;2;9;0;4;0;0;12;8;0;1;38;46;1;4;49;0;0;it12a;11;1;2 
557;3.7cm PaK;4;4;7;0;1;8;8;0;0;6;0;2;9;0;4;0;0;10;11;0;4;37;46;1;4;1;0;0;g120;15;1;2 
558;105mm;8;15;7;0;1;2;6;0;0;2;4;1;2;0;4;0;0;8;19;0;1;38;46;1;4;1;0;0;g54;15;1;2 
559;150mm;8;19;11;0;1;2;6;0;0;2;4;1;2;0;4;0;0;7;27;0;1;38;46;1;4;1;0;0;g134;15;1;2 
560;75mm;8;11;4;0;1;2;6;0;0;2;3;1;2;0;4;0;0;9;15;0;1;38;46;1;4;1;0;0;g54;16;1;2 
561;Fortification;6;9;5;2;4;10;8;3;1;5;0;2;8;0;4;0;0;10;17;0;1;38;46;0;4;129;1;0;fort;4;1;6 
562;Strongpoint;6;5;3;2;2;10;8;3;1;5;0;2;8;0;4;0;0;10;15;0;1;38;46;0;4;129;1;0;bunkr;7;1;6 
563;Regular;1;6;2;0;1;6;7;0;0;2;0;2;8;0;3;3;0;7;11;0;1;38;46;2;4;1;0;0;i11x3;2;1;1 
564;LTM 35;2;5;6;0;1;8;8;2;1;3;0;2;5;0;0;5;50;8;13;0;1;35;46;1;4;1;0;0;g131;11;7;3 
565;TNHP-S;2;5;7;0;1;9;8;2;1;6;0;2;5;0;0;5;50;9;14;0;1;38;46;1;4;1;0;0;g07;11;7;3 
566;Truck;7;0;0;0;0;1;0;0;0;1;0;1;1;0;2;8;55;4;4;0;9;36;46;1;4;49;0;0;g25;12;3;3 
567;Mountain;1;6;4;0;1;6;9;0;0;1;0;2;8;0;11;3;0;6;14;0;1;43;46;2;10;1;0;0;i50x3;2;1;1 
568;Sea Transport;18;0;0;0;0;4;8;0;3;1;0;2;2;0;6;5;0;0;14;0;1;40;46;0;11;129;1;0;stran;6;16;5 
569;Sea Transport;18;0;0;0;0;4;8;0;3;1;0;2;2;0;6;5;0;0;14;0;1;40;46;0;25;129;1;0;stran;6;16;5 
570;Sea Transport;18;0;0;0;0;4;8;0;3;1;0;2;2;0;6;5;0;0;14;0;1;40;46;0;15;129;1;0;stran;6;16;5 
571;Sea Transport;18;0;0;0;0;4;8;0;3;1;0;2;2;0;6;5;0;0;14;0;1;40;46;0;16;129;1;0;stran;6;16;5 
572;Sea Transport;18;0;0;0;0;4;8;0;3;1;0;2;2;0;6;5;0;0;14;0;1;40;46;0;26;129;1;0;stran;6;16;5 
573;Sea Transport;18;0;0;0;0;4;8;0;3;1;0;2;2;0;6;5;0;0;14;0;1;40;46;0;18;129;1;0;stran;6;16;5 
574;Ju-52;13;0;0;0;0;5;4;0;2;0;0;1;1;1;5;16;0;4;12;0;1;40;46;0;4;193;1;0;gp46;18;15;4 
575;C-47;13;0;0;0;0;5;8;0;2;0;0;1;1;1;5;16;0;1;16;0;1;40;46;0;15;193;1;0;usp47;18;15;4 
576;Skoda;3;2;3;2;1;7;6;1;1;6;0;4;6;0;2;6;55;8;13;0;1;36;46;1;4;1;0;0;g15;12;3;3 
577;PSW 222;3;2;3;2;1;7;6;1;1;6;0;4;6;0;2;6;55;8;13;0;1;36;46;1;25;1;0;0;g15;12;3;3 
578;Panhard 178;3;3;4;2;1;5;5;1;1;5;0;4;4;0;2;6;50;5;11;0;1;38;42;1;15;1;0;0;fr04;12;3;3 
579;Wz-34;3;1;1;2;1;5;5;1;1;5;0;4;4;0;2;6;50;5;10;0;1;34;42;1;16;1;0;0;fr04;12;3;3 
580;PSW 222;3;2;3;2;1;7;6;1;1;6;0;4;6;0;2;6;55;8;13;0;1;36;46;1;18;1;0;0;g15;12;3;3 
581;PSW 231;3;2;3;2;1;8;6;1;1;6;0;4;6;0;8;8;55;8;14;0;1;38;46;1;18;1;0;0;g53a;12;3;3 
582;47mm;9;9;10;10;1;2;6;0;0;4;2;2;8;0;4;0;0;12;15;0;9;39;46;1;7;49;0;0;r47;11;1;2 
583;H35;2;4;4;0;1;8;7;1;1;3;0;3;5;0;0;6;40;14;13;0;9;35;42;1;7;1;0;0;fr09;9;7;3 
584;Pz IID;2;4;3;0;1;8;8;2;1;6;0;3;5;0;0;7;45;10;13;0;5;38;46;1;8;1;0;0;g114;11;7;3 
585;88mm FlaK 41;9;13;18;10;2;5;6;0;1;11;3;3;6;0;1;5;35;6;34;0;9;44;46;1;8;49;0;0;g110;11;7;3 
